SN_Name,SN_Time,SN_RA,SN_Dec,GRB_Trigger,GRB_Time,GRB_RA,GRB_Dec,Angular_Sep_deg,GRB_Fluence_J_per_m2,mapped_burst_id
GRB 910421,1991-04-21,270.68,24.76,105.0,1991-04-21 09:14:03.756,270.68,24.76,0.0,,910421
GRB 910423,1991-04-23,193.47,-8.38,107.0,1991-04-23 19:54:44.716,193.47,-8.38,0.0,,910423
GRB 910424,1991-04-24,201.31,-45.41,108.0,1991-04-24 19:43:26.572,201.31,-45.41,0.0,,910424
GRB 910425A,1991-04-25,91.28999999999998,-22.77,109.0,1991-04-25 00:37:45.707,91.29,-22.77,0.0,,910425
GRB 910425B,1991-04-25,335.94,25.77,110.0,1991-04-25 05:37:33.291,335.94,25.77,0.0,,910425B
GRB 910426,1991-04-26,75.82,-19.51,111.0,1991-04-26 22:14:06.699,75.82,-19.51,0.0,,910426
GRB 910427,1991-04-27,78.85999999999999,-15.59,111.0,1991-04-26 22:14:06.699,75.82,-19.51,4.875,,910426
GRB 910427,1991-04-27,78.85999999999999,-15.59,114.0,1991-04-27 09:05:20.747,78.86,-15.59,0.0,,910427
GRB 910430,1991-04-30,135.8,2.73,130.0,1991-04-30 17:08:39.147,135.8,2.73,0.0,,910430
GRB 910501,1991-05-01,126.53999999999998,-0.23,133.0,1991-05-01 08:20:14.059,126.54,-0.23,0.0,,910501
GRB 910503,1991-05-03,87.44999999999999,38.74,143.0,1991-05-03 07:04:12.651,87.45,38.74,0.0,,910503
GRB 910507,1991-05-07,299.54999999999995,-44.88,160.0,1991-05-07 14:31:15.819,299.55,-44.88,0.0,,910507
GRB 910509,1991-05-09,339.24999999999994,38.26,171.0,1991-05-09 03:03:30.667,339.25,38.26,0.0,,910509
GRB 910511,1991-05-11,266.48,58.3,179.0,1991-05-11 02:11:47.691,266.48,58.3,0.0,,910511
GRB 910517A,1991-05-17,113.57999999999998,49.17,204.0,1991-05-17 10:48:47.211,113.58,49.17,0.0,,910517B
GRB 910518B,1991-05-18,249.02,-11.77,211.0,1991-05-18 14:55:25.803,249.02,-11.77,0.0,,910518B
GRB 910521A,1991-05-21,108.92999999999998,-33.75,214.0,1991-05-21 05:14:37.099,108.93,-33.75,0.0,,910521B
GRB 910522,1991-05-22,137.71999999999997,-50.89,219.0,1991-05-22 12:12:09.707,137.72,-50.89,0.0,,910522
GRB 910523A,1991-05-23,106.98999999999998,0.3611111111111111,222.0,1991-05-23 19:03:24.523,106.99,0.36,0.001,,910523
GRB 910523B,1991-05-23,352.9599999999999,24.89,223.0,1991-05-23 23:38:49.067,352.96,24.89,0.0,,910523B
GRB 910525,1991-05-25,216.03,-62.82,226.0,1991-05-25 19:26:27.947,216.03,-62.82,0.0,,910525
GRB 910528,1991-05-28,240.59,43.97,235.0,1991-05-28 21:26:55.339,240.59,43.97,0.0,,910528
GRB 910529,1991-05-29,205.43,-27.4,237.0,1991-05-29 17:36:00.875,205.43,-27.4,0.0,,910529
GRB 910601,1991-06-01,310.11999999999995,32.34,249.0,1991-06-01 19:22:14.507,310.12,32.34,0.0,,910601
GRB 910602B,1991-06-02,142.76000000000002,53.99,257.0,1991-06-02 22:55:01.035,142.76,53.99,0.0,,910602
GRB 910607A,1991-06-07,78.75999999999999,-9.36,288.0,1991-06-07 00:12:07.659,78.76,-9.36,0.0,,910607B
GRB 910612,1991-06-12,337.06999999999994,15.42,332.0,1991-06-12 08:49:15.883,337.07,15.42,0.0,,910612
GRB 910614A,1991-06-14,174.74999999999997,-12.95,351.0,1991-06-14 01:54:24.491,174.75,-12.95,0.0,,910614B
GRB 910619,1991-06-19,21.17,-36.57,394.0,1991-06-19 14:14:32.811,21.17,-36.57,0.0,,910619
GRB 910620A,1991-06-20,67.91999999999999,22.5,398.0,1991-06-20 05:37:30.411,67.92,22.5,0.0,,910620
GRB 910620B,1991-06-20,65.80999999999999,65.97,401.0,1991-06-20 18:22:48.427,65.81,65.97,0.0,,910620B
GRB 910621A,1991-06-21,326.86999999999995,-8.44,404.0,1991-06-21 01:57:17.547,326.87,-8.44,0.0,,910621B
GRB 910621B,1991-06-21,226.92,-12.44,408.0,1991-06-21 16:16:44.907,226.92,-12.44,0.0,,910621
GRB 910622,1991-06-22,8.458333333333332,-32.8,414.0,1991-06-22 16:34:03.499,8.46,-32.8,0.001,,910622
GRB 910627,1991-06-27,197.99,-2.48,451.0,1991-06-27 04:29:17.739,197.99,-2.48,0.0,,910627
GRB 910629A,1991-06-29,69.23999999999998,-58.42,465.0,1991-06-29 05:15:45.643,69.24,-58.42,0.0,,910629B
GRB 910629B,1991-06-29,63.51999999999999,8.4,467.0,1991-06-29 19:55:48.267,63.52,8.4,0.0,,910629
GRB 910630,1991-06-30,304.69999999999993,35.13,469.0,1991-06-30 07:37:02.315,304.7,35.13,0.0,,910630
GRB 910701,1991-07-01,61.34999999999999,-53.42,472.0,1991-07-01 03:51:39.371,61.35,-53.42,0.0,,910701
GRB 910702A,1991-07-02,255.07,29.05,473.0,1991-07-02 04:46:35.627,255.07,29.05,0.0,,910702B
GRB 910706,1991-07-06,256.63,-43.69,493.0,1991-07-06 05:04:49.003,256.63,-43.69,0.0,,910706
GRB 910708,1991-07-08,12.09,15.12,501.0,1991-07-08 09:41:40.587,12.09,15.12,0.0,,910708
GRB 910709,1991-07-09,172.76999999999998,81.67,503.0,1991-07-09 11:33:22.091,172.77,81.67,0.0,,910709
GRB 910712,1991-07-12,303.63,-57.09,516.0,1991-07-12 08:15:45.707,303.63,-57.09,0.0,,910712
GRB 910714,1991-07-14,242.52,22.19,537.0,1991-07-14 20:46:17.067,242.52,22.19,0.0,,910714
GRB 910717A,1991-07-17,249.83999999999995,-58.21,543.0,1991-07-17 04:33:04.171,249.84,-58.21,0.0,,910717
GRB 910718A,1991-07-18,350.54,59.74,548.0,1991-07-18 02:24:57.195,350.54,59.74,0.0,,910718B
GRB 910718B,1991-07-18,82.79999999999998,22.78,549.0,1991-07-18 06:01:48.395,82.8,22.78,0.0,,910718C
GRB 910719,1991-07-19,245.85,28.46,555.0,1991-07-19 10:53:02.251,245.85,28.46,0.0,,910719
GRB 910721B,1991-07-21,315.52000000000004,-14.29,563.0,1991-07-21 19:30:12.459,315.52,-14.29,0.0,,910721
GRB 910725B,1991-07-25,273.17999999999995,14.13,577.0,1991-07-25 13:12:06.507,273.18,14.13,0.0,,910725B
GRB 910730A,1991-07-30,249.54,-75.22,591.0,1991-07-30 04:18:18.859,249.54,-75.22,0.0,,910730B
GRB 910730C,1991-07-30,313.88,16.93,594.0,1991-07-30 22:27:14.155,313.88,16.93,0.0,,910730
GRB 910802B,1991-08-02,199.57,-53.42,606.0,1991-08-02 15:21:16.651,199.57,-53.42,0.0,,910802B
GRB 910805,1991-08-05,313.27,-51.3,630.0,1991-08-05 10:41:25.611,313.27,-51.3,0.0,,910805
GRB 910807,1991-08-07,153.84999999999997,6.49,647.0,1991-08-07 07:20:32.811,153.85,6.49,0.0,,910807
GRB 910809A,1991-08-09,237.39,38.82,658.0,1991-08-09 00:58:25.771,237.39,38.82,0.0,,910809C
GRB 910809B,1991-08-09,195.43,19.37,659.0,1991-08-09 06:15:00.203,195.43,19.37,0.0,,910809B
GRB 910809C,1991-08-09,281.96,64.74,660.0,1991-08-09 19:35:45.515,281.96,64.74,0.0,,910809
GRB 910813,1991-08-13,39.41,-64.49,673.0,1991-08-13 13:36:24.683,39.41,-64.49,0.0,,910813
GRB 910814A,1991-08-14,58.00999999999999,45.22,676.0,1991-08-14 11:09:40.331,58.01,45.22,0.0,,910814C
GRB 910814C,1991-08-14,346.35,30.43,678.0,1991-08-14 19:14:33.003,346.35,30.43,0.0,,910814
GRB 910815,1991-08-15,142.76999999999998,-36.05,680.0,1991-08-15 09:30:47.275,142.77,-36.05,0.0,,910815
GRB 910816A,1991-08-16,221.03,-59.09,685.0,1991-08-16 12:12:01.579,221.03,-59.09,0.0,,910816B
GRB 910816B,1991-08-16,172.59999999999997,1.4800000000000002,686.0,1991-08-16 14:50:43.435,172.6,1.48,0.0,,910816
GRB 910817,1991-08-17,90.11,27.08,690.0,1991-08-17 17:00:25.579,90.11,27.08,0.0,,910817
GRB 910818,1991-08-18,268.34,-27.09,692.0,1991-08-18 13:44:45.931,268.34,-27.09,0.0,,910818
GRB 910821,1991-08-21,292.46,-63.52,704.0,1991-08-21 01:42:38.827,292.46,-63.52,0.0,,910821
GRB 910822,1991-08-22,269.86999999999995,43.74,711.0,1991-08-22 13:50:58.795,269.87,43.74,0.0,,910822
GRB 910823,1991-08-23,105.64999999999998,8.06,717.0,1991-08-23 21:01:24.459,105.65,8.06,0.0,,910823
GRB 910829,1991-08-29,59.03,22.96,741.0,1991-08-29 22:39:42.699,59.03,22.96,0.0,,910829
GRB 910902,1991-09-02,299.08,-7.7,752.0,1991-09-02 22:55:35.019,299.08,-7.7,0.0,,910902
GRB 910903,1991-09-03,238.34,13.1,753.0,1991-09-03 09:45:00.267,238.34,13.1,0.0,,910903
GRB 910904,1991-09-04,354.15,-17.09,755.0,1991-09-04 15:34:50.155,354.15,-17.09,0.0,,910904
GRB 910905,1991-09-05,359.99999999999994,-81.05,761.0,1991-09-05 23:48:55.275,360.0,-81.05,0.0,,910905
GRB 910907,1991-09-07,136.54999999999998,-28.23,764.0,1991-09-07 01:05:22.603,136.55,-28.23,0.0,,910907
GRB 910908,1991-09-08,226.1,-15.53,773.0,1991-09-08 11:00:35.051,226.1,-15.53,0.0,,910908
GRB 910914,1991-09-14,170.30999999999997,-33.4,795.0,1991-09-14 09:39:57.675,170.31,-33.4,0.0,,910914
GRB 910923,1991-09-23,52.52999999999999,-22.57,815.0,1991-09-23 18:23:26.315,52.53,-22.57,0.0,,910923
GRB 910925,1991-09-25,265.67,-29.26,816.0,1991-09-25 03:35:06.091,265.67,-29.26,0.0,,910925
GRB 910926A,1991-09-26,157.2,-1.36,820.0,1991-09-26 04:00:40.043,157.2,-1.36,0.0,,910926
GRB 910926B,1991-09-26,346.06999999999994,21.360000000000003,824.0,1991-09-26 18:25:56.843,346.07,21.36,0.0,,910926B
GRB 910927B,1991-09-27,50.16,-39.65,829.0,1991-09-27 23:26:52.779,50.16,-39.65,0.0,,910927
GRB 910930A,1991-09-30,93.42999999999998,44.51,840.0,1991-09-30 07:24:22.699,93.43,44.51,0.0,,910930B
GRB 910930B,1991-09-30,131.79999999999998,-20.62,841.0,1991-09-30 11:55:29.771,131.8,-20.62,0.0,,910930
GRB 911004,1991-10-04,349.73999999999995,62.95,867.0,1991-10-04 01:27:09.739,349.74,62.95,0.0,,911004
GRB 911005,1991-10-05,235.8,14.73,869.0,1991-10-05 07:37:44.811,235.8,14.73,0.0,,911005
GRB 911016B,1991-10-16,300.06,-4.16,907.0,1991-10-16 11:01:34.187,300.06,-4.16,0.0,,911016
GRB 911022,1991-10-22,123.91,70.33999999999999,914.0,1991-10-22 04:13:57.995,123.91,70.34,0.0,,911022
GRB 911024,1991-10-24,208.65,38.36,927.0,1991-10-24 20:10:06.315,208.65,38.36,0.0,,911024
GRB 911026,1991-10-26,74.67999999999999,-22.27,938.0,1991-10-26 13:07:00.843,74.68,-22.27,0.0,,911026
GRB 911027B,1991-10-27,127.21999999999998,74.11999999999999,946.0,1991-10-27 10:31:50.379,127.22,74.12,0.0,,911027B
GRB 911031A,1991-10-31,284.54,21.34,973.0,1991-10-31 09:36:20.523,284.54,21.34,0.0,,911031
GRB 911031B,1991-10-31,298.89,-28.89,974.0,1991-10-31 12:19:17.227,298.89,-28.89,0.0,,911031B
GRB 911104,1991-11-04,212.45,35.03,999.0,1991-11-04 15:04:41.707,212.45,35.03,0.0,,911104
GRB 911111A,1991-11-11,218.09,10.87,1039.0,1991-11-11 03:59:43.723,218.09,10.87,0.0,,911111C
GRB 911111B,1991-11-11,63.96999999999999,-51.37,1042.0,1991-11-11 14:37:18.699,63.97,-51.37,0.0,,911111
GRB 911111C,1991-11-11,121.11,-21.28,1046.0,1991-11-11 22:19:47.243,121.11,-21.28,0.0,,911111B
GRB 911118A,1991-11-18,167.02999999999997,-20.85,1085.0,1991-11-18 18:57:38.027,167.03,-20.85,0.0,,911118
GRB 911118B,1991-11-18,253.48999999999992,-5.92,1086.0,1991-11-18 23:39:19.531,253.49,-5.92,0.0,,911118B
GRB 911123B,1991-11-23,22.809999999999995,30.34,1114.0,1991-11-23 08:15:33.035,22.81,30.34,0.0,,911123
GRB 911127A,1991-11-27,269.14,49.73,1122.0,1991-11-27 04:22:08.235,269.14,49.73,0.0,,911127
GRB 911127B,1991-11-27,310.13,24.55,1123.0,1991-11-27 07:01:20.107,310.13,24.55,0.0,,911127C
GRB 911127C,1991-11-27,160.97,-74.58999999999999,1125.0,1991-11-27 23:08:34.283,160.97,-74.59,0.0,,911127B
GRB 911128,1991-11-28,338.64,-10.36,1126.0,1991-11-28 08:42:43.947,338.64,-10.36,0.0,,911128
GRB 911202A,1991-12-02,172.49999999999997,-22.84,1141.0,1991-12-02 20:28:49.707,172.5,-22.84,0.0,,911202
GRB 911205,1991-12-05,103.97,-25.85,1148.0,1991-12-05 23:04:41.003,103.97,-25.85,0.0,,911205
GRB 911207,1991-12-07,307.79,29.3,1150.0,1991-12-07 09:50:45.355,307.79,29.3,0.0,,911207
GRB 911208A,1991-12-08,112.67999999999998,-21.14,1152.0,1991-12-08 00:05:45.707,112.68,-21.14,0.0,,911208
GRB 911208B,1991-12-08,38.14999999999999,-53.11,1153.0,1991-12-08 21:05:01.547,38.15,-53.11,0.0,,911208B
GRB 911209B,1991-12-09,46.11,-31.3,1156.0,1991-12-09 16:22:42.539,46.11,-31.3,0.0,,911209C
GRB 911209C,1991-12-09,259.98,-45.080000000000005,1157.0,1991-12-09 18:35:57.867,259.98,-45.08,0.0,,911209
GRB 911210,1991-12-10,294.86999999999995,-19.4,1159.0,1991-12-10 21:05:47.371,294.87,-19.4,0.0,,911210
GRB 911213,1991-12-13,209.39999999999995,-45.74,1167.0,1991-12-13 20:35:37.195,209.4,-45.74,0.0,,911213
GRB 911217A,1991-12-17,6.958333333333333,22.67,1190.0,1991-12-17 08:22:05.675,6.96,22.67,0.002,,911217
GRB 911217B,1991-12-17,28.89,0.0166666666666666,1192.0,1991-12-17 22:39:58.059,28.89,0.03,0.013,,911217B
GRB 911219A,1991-12-19,354.24999999999994,-0.16,1196.0,1991-12-19 09:02:14.123,354.25,-0.16,0.0,,911219B
GRB 911219B,1991-12-19,218.65,-4.83,1197.0,1991-12-19 21:57:18.059,218.65,-4.83,0.0,,911219
GRB 911221,1991-12-21,215.82,-42.72,1200.0,1991-12-21 22:03:25.675,215.82,-42.72,0.0,,911221
GRB 911223,1991-12-23,336.9899999999999,-50.42,1204.0,1991-12-23 05:36:57.579,336.99,-50.42,0.0,,911223
GRB 911224C,1991-12-24,342.04,-17.71,1213.0,1991-12-24 15:35:33.227,342.04,-17.71,0.0,,911224C
GRB 911225A,1991-12-25,334.61,26.17,1218.0,1991-12-25 09:05:34.827,334.61,26.17,0.0,,911225
GRB 911225B,1991-12-25,253.31,-34.1,1221.0,1991-12-25 17:08:37.483,253.31,-34.1,0.0,,911225B
GRB 911227,1991-12-27,350.44,-68.25,1235.0,1991-12-27 01:05:53.259,350.44,-68.25,0.0,,911227
GRB 911228,1991-12-28,280.19,43.69,1244.0,1991-12-28 17:22:06.059,280.19,43.69,0.0,,911228
GRB 920105,1992-01-05,335.4,-53.8,1279.0,1992-01-05 17:41:17.035,335.4,-53.8,0.0,,920105
GRB 920110A,1992-01-10,58.07999999999999,-20.8,1288.0,1992-01-10 09:17:58.251,58.08,-20.8,0.0,,920110
GRB 920110C,1992-01-10,357.7099999999999,10.55,1291.0,1992-01-10 22:21:38.987,357.71,10.55,0.0,,920110B
GRB 920114,1992-01-14,244.13,63.89,1298.0,1992-01-14 17:23:46.411,244.13,63.89,0.0,,920114
GRB 920116B,1992-01-16,152.79,-81.32,1303.0,1992-01-16 18:30:34.859,152.79,-81.32,0.0,,920116
GRB 920120,1992-01-20,300.30999999999995,-82.75,1306.0,1992-01-20 22:30:39.979,300.31,-82.75,0.0,,920120
GRB 920127,1992-01-27,322.36999999999995,-29.26,1318.0,1992-01-27 21:26:57.387,322.37,-29.26,0.0,,920127
GRB 920203,1992-02-03,269.7399999999999,-15.26,1346.0,1992-02-03 15:36:47.595,269.74,-15.26,0.0,,920203
GRB 920209B,1992-02-09,288.23,60.75,1382.0,1992-02-09 21:40:44.779,288.23,60.75,0.0,,920209B
GRB 920210A,1992-02-10,318.78,-40.43,1384.0,1992-02-10 02:15:54.987,318.78,-40.43,0.0,,920210C
GRB 920210B,1992-02-10,150.97,48.36,1385.0,1992-02-10 09:53:43.787,150.97,48.36,0.0,,920210
GRB 920212,1992-02-12,38.18999999999999,14.1,1390.0,1992-02-12 04:13:46.475,38.19,14.1,0.0,,920212
GRB 920214,1992-02-14,39.67,7.13,1396.0,1992-02-14 17:16:02.539,39.67,7.13,0.0,,920214
GRB 920216B,1992-02-16,156.91999999999996,1.1700000000000002,1406.0,1992-02-16 22:18:20.331,156.92,1.17,0.0,,920216
GRB 920218B,1992-02-18,140.41999999999996,52.96,1416.0,1992-02-18 11:03:11.915,140.42,52.96,0.0,,920218B
GRB 920218C,1992-02-18,39.47,27.47,1419.0,1992-02-18 18:42:22.955,39.47,27.47,0.0,,920218
GRB 920221,1992-02-21,184.14,48.48,1425.0,1992-02-21 06:14:32.363,184.14,48.48,0.0,,920221
GRB 920224A,1992-02-24,169.64999999999998,-66.78,1432.0,1992-02-24 02:43:38.731,169.65,-66.78,0.0,,920224
GRB 920226B,1992-02-26,271.24999999999994,17.46,1440.0,1992-02-26 08:15:28.491,271.25,17.46,0.0,,920226
GRB 920227A,1992-02-27,68.35999999999999,66.83999999999999,1443.0,1992-02-27 06:00:50.603,68.36,66.84,0.0,,920227
GRB 920227B,1992-02-27,241.01,10.65,1446.0,1992-02-27 17:46:16.043,241.01,10.65,0.0,,920227C
GRB 920227C,1992-02-27,202.28,50.56,1447.0,1992-02-27 20:50:00.427,202.28,50.56,0.0,,920227B
GRB 920228,1992-02-28,147.93999999999997,25.06,1449.0,1992-02-28 14:59:06.987,147.94,25.06,0.0,,920228
GRB 920229A,1992-02-29,333.67,-5.25,1452.0,1992-02-29 15:04:08.043,333.67,-5.25,0.0,,920229B
GRB 920301,1992-03-01,344.17999999999995,16.83,1456.0,1992-03-01 11:34:22.059,344.18,16.83,0.0,,920301
GRB 920302A,1992-03-02,115.28,-58.92,1458.0,1992-03-02 00:14:44.075,115.28,-58.92,0.0,,920302B
GRB 920307,1992-03-07,355.56999999999994,-45.15,1467.0,1992-03-07 00:18:04.011,355.57,-45.15,0.0,,920307
GRB 920308A,1992-03-08,84.44,65.25,1468.0,1992-03-08 04:55:45.259,84.44,65.25,0.0,,920308
GRB 920310,1992-03-10,105.84999999999998,-5.91,1472.0,1992-03-10 14:03:14.411,105.85,-5.91,0.0,,920310
GRB 920318A,1992-03-18,254.5,-26.31,1492.0,1992-03-18 10:57:13.835,254.5,-26.31,0.0,,920318
GRB 920323,1992-03-23,337.89,-34.66,1515.0,1992-03-23 17:38:55.723,337.89,-34.66,0.0,,920323
GRB 920331B,1992-03-31,264.3,30.55,1533.0,1992-03-31 18:15:48.203,264.3,30.55,0.0,,920331
GRB 920405,1992-04-05,356.99999999999994,34.13,1540.0,1992-04-05 21:41:30.859,357.0,34.13,0.0,,920405
GRB 920406,1992-04-06,289.91,-57.69,1541.0,1992-04-06 02:44:13.547,289.91,-57.69,0.0,,920406
GRB 920408C,1992-04-08,306.69,33.88,1546.0,1992-04-08 17:33:45.195,306.69,33.88,0.0,,920408
GRB 920413,1992-04-13,109.73,-48.89,1551.0,1992-04-13 22:55:31.946,109.73,-48.89,0.0,,920413
GRB 920414A,1992-04-14,299.99999999999994,-65.15,1552.0,1992-04-14 18:37:56.714,300.0,-65.15,0.0,,920414B
GRB 920419A,1992-04-19,149.72,-18.25,1558.0,1992-04-19 10:54:40.234,149.72,-18.25,0.0,,920419B
GRB 920419B,1992-04-19,85.52,63.29,1559.0,1992-04-19 20:06:46.634,85.52,63.29,0.0,,920419
GRB 920420,1992-04-20,320.51,13.45,1561.0,1992-04-20 06:52:22.506,320.51,13.45,0.0,,920420
GRB 920423B,1992-04-23,153.89999999999998,22.16,1567.0,1992-04-23 22:06:41.258,153.9,22.16,0.0,,920423B
GRB 920430B,1992-04-30,37.61,-8.22,1574.0,1992-04-30 16:02:50.602,37.61,-8.22,0.0,,920430
GRB 920502B,1992-05-02,154.82,45.42,1578.0,1992-05-02 17:26:40.490,154.82,45.42,0.0,,920502
GRB 920502C,1992-05-02,131.98999999999998,-84.96000000000001,1579.0,1992-05-02 19:05:03.850,131.99,-84.96,0.0,,920502C
GRB 920503A,1992-05-03,146.76,41.98,1580.0,1992-05-03 02:50:29.098,146.76,41.98,0.0,,920503
GRB 920505,1992-05-05,45.36999999999999,69.94,1586.0,1992-05-05 21:54:49.578,45.37,69.94,0.0,,920505
GRB 920509,1992-05-09,341.22,-82.43,1590.0,1992-05-09 11:19:14.794,341.22,-82.43,0.0,,920509
GRB 920511A,1992-05-11,125.04,-48.96,1601.0,1992-05-11 06:27:25.034,125.04,-48.96,0.0,,920511
GRB 920511C,1992-05-11,24.33,-37.01,1604.0,1992-05-11 22:28:31.978,24.33,-37.01,0.0,,920511B
GRB 920513,1992-05-13,211.16,-44.77,1606.0,1992-05-13 16:52:59.114,211.16,-44.77,0.0,,920513
GRB 920517B,1992-05-17,204.1,-16.47,1609.0,1992-05-17 03:17:54.922,204.1,-16.47,0.0,,920517
GRB 920518,1992-05-18,247.3,33.9,1611.0,1992-05-18 05:16:00.746,247.3,33.9,0.0,,920518
GRB 920520A,1992-05-20,190.03,-51.94,1614.0,1992-05-20 07:40:58.090,190.03,-51.94,0.0,,920520
GRB 920524,1992-05-24,157.51999999999998,29.22,1623.0,1992-05-24 03:51:42.122,157.52,29.22,0.0,,920524
GRB 920525B,1992-05-25,299.62999999999994,-42.05,1625.0,1992-05-25 03:27:01.738,299.63,-42.05,0.0,,920525
GRB 920525C,1992-05-25,14.65,-67.13,1626.0,1992-05-25 07:15:51.722,14.65,-67.13,0.0,,920525C
GRB 920526,1992-05-26,104.49,39.31,1628.0,1992-05-26 02:22:16.426,104.49,39.31,0.0,,920526
GRB 920608,1992-06-08,21.79,5.72,1637.0,1992-06-08 14:26:08.874,21.79,5.72,0.0,,920608
GRB 920609B,1992-06-09,260.12999999999994,-72.08,1642.0,1992-06-09 18:11:52.042,260.13,-72.08,0.0,,920609
GRB 920613A,1992-06-13,312.91,-55.64,1646.0,1992-06-13 14:31:43.466,312.91,-55.64,0.0,,920613
GRB 920617A,1992-06-17,100.69,-64.52,1651.0,1992-06-17 03:44:28.266,100.69,-64.52,0.0,,920617B
GRB 920617B,1992-06-17,37.66,77.51,1652.0,1992-06-17 05:26:51.242,37.66,77.51,0.0,,920617
GRB 920617C,1992-06-17,19.04,21.47,1653.0,1992-06-17 18:43:52.810,19.04,21.47,0.0,,920617C
GRB 920618,1992-06-18,315.99999999999994,-46.07,1655.0,1992-06-18 21:50:07.978,316.0,-46.07,0.0,,920618
GRB 920619A,1992-06-19,140.17,-64.71000000000001,1656.0,1992-06-19 08:33:01.546,140.17,-64.71,0.0,,920619
GRB 920619B,1992-06-19,155.27999999999997,22.47,1657.0,1992-06-19 13:03:57.034,155.28,22.47,0.0,,920619B
GRB 920620B,1992-06-20,4.849999999999999,-0.36,1660.0,1992-06-20 18:57:01.674,4.85,-0.36,0.0,,920620
GRB 920620C,1992-06-20,162.13,10.03,1661.0,1992-06-20 22:53:23.946,162.13,10.03,0.0,,920620C
GRB 920622B,1992-06-22,162.1,47.17,1663.0,1992-06-22 07:05:04.490,162.1,47.17,0.0,,920622
GRB 920622C,1992-06-22,346.81,10.01,1664.0,1992-06-22 12:54:21.290,346.81,10.01,0.0,,920622B
GRB 920624,1992-06-24,67.54999999999998,3.05,1667.0,1992-06-24 04:31:36.554,67.55,3.05,0.0,,920624
GRB 920627B,1992-06-27,166.01999999999998,-2.58,1676.0,1992-06-27 13:02:36.138,166.02,-2.58,0.0,,920627
GRB 920628B,1992-06-28,317.79,-27.32,1679.0,1992-06-28 20:57:42.762,317.79,-27.32,0.0,,920628
GRB 920701,1992-07-01,314.64,33.44,1683.0,1992-07-01 19:38:19.586,314.64,33.44,0.0,,920701
GRB 920707,1992-07-07,276.64,-22.06,1687.0,1992-07-07 01:08:19.714,276.64,-22.06,0.0,,920707
GRB 920710B,1992-07-10,53.85,17.34,1693.0,1992-07-10 22:13:25.250,53.85,17.34,0.0,,920710
GRB 920714C,1992-07-14,140.36,-44.64,1700.0,1992-07-14 20:23:26.850,140.36,-44.64,0.0,,920714B
GRB 920715,1992-07-15,285.77,53.74,1701.0,1992-07-15 12:51:26.786,285.77,53.74,0.0,,920715
GRB 920717B,1992-07-17,20.75,-2.32,1704.0,1992-07-17 15:47:09.570,20.75,-2.32,0.0,,920717B
GRB 920718B,1992-07-18,296.39,-55.98,1709.0,1992-07-18 21:32:43.266,296.39,-55.98,0.0,,920718
GRB 920720A,1992-07-20,203.02,36.87,1711.0,1992-07-20 03:12:04.162,203.02,36.87,0.0,,920720
GRB 920720B,1992-07-20,144.73999999999998,-10.3,1712.0,1992-07-20 05:52:52.866,144.74,-10.3,0.0,,920720B
GRB 920721D,1992-07-21,37.55,33.49,1717.0,1992-07-21 18:17:48.418,37.55,33.49,0.0,,920721
GRB 920730A,1992-07-30,22.1,33.9,1730.0,1992-07-30 13:01:24.482,22.1,33.9,0.0,,920730B
GRB 920730B,1992-07-30,241.67,-10.7,1731.0,1992-07-30 21:31:33.890,241.67,-10.7,0.0,,920730
GRB 920801,1992-08-01,157.86,68.9,1733.0,1992-08-01 01:16:40.450,157.86,68.9,0.0,,920801
GRB 920802,1992-08-02,101.35,-48.26,1734.0,1992-08-02 04:35:24.162,101.35,-48.26,0.0,,920802
GRB 920803B,1992-08-03,134.70999999999998,-36.12,1740.0,1992-08-03 16:53:44.642,134.71,-36.12,0.0,,920803
GRB 920804B,1992-08-04,286.4,50.69,1742.0,1992-08-04 19:53:21.794,286.4,50.69,0.0,,920804C
GRB 920806,1992-08-06,284.7399999999999,-10.68,1747.0,1992-08-06 18:09:17.506,284.74,-10.68,0.0,,920806
GRB 920812B,1992-08-12,115.22,-37.91,1806.0,1992-08-12 20:59:27.746,115.22,-37.91,0.0,,920812B
GRB 920813,1992-08-13,206.22,-28.34,1807.0,1992-08-13 03:33:48.546,206.22,-28.34,0.0,,920813
GRB 920814A,1992-08-14,258.68,-44.63,1815.0,1992-08-14 06:09:53.794,258.68,-44.63,0.0,,920814
GRB 920814B,1992-08-14,226.61999999999995,-11.65,1819.0,1992-08-14 13:25:03.234,226.62,-11.65,0.0,,920814B
GRB 920816,1992-08-16,241.71,66.16000000000001,1830.0,1992-08-16 07:15:37.218,241.71,66.16,0.0,,920816
GRB 920830,1992-08-30,258.53,-73.99,1883.0,1992-08-30 01:45:17.570,258.53,-73.99,0.0,,920830
GRB 920901,1992-09-01,261.65,16.060000000000002,1885.0,1992-09-01 06:06:15.682,261.65,16.06,0.0,,920901
GRB 920902A,1992-09-02,279.15000000000003,-20.7,1886.0,1992-09-02 00:28:56.322,279.15,-20.7,0.0,,920902
GRB 920912,1992-09-12,256.11,-13.72,1922.0,1992-09-12 04:41:06.946,256.11,-13.72,0.0,,920912
GRB 920913,1992-09-13,351.5799999999999,53.61,1924.0,1992-09-13 03:55:01.122,351.58,53.61,0.0,,920913
GRB 920924,1992-09-24,126.68,-68.74,1953.0,1992-09-24 18:10:58.562,126.68,-68.74,0.0,,920924
GRB 920925B,1992-09-25,160.26,67.38,1956.0,1992-09-25 21:45:16.162,160.26,67.38,0.0,,920925
GRB 921001A,1992-10-01,324.42999999999995,32.28,1967.0,1992-10-01 04:03:53.858,324.43,32.28,0.0,,921001
GRB 921003A,1992-10-03,150.32,-14.71,1974.0,1992-10-03 06:35:40.034,150.32,-14.71,0.0,,921003
GRB 921008,1992-10-08,257.61,87.18,1982.0,1992-10-08 21:07:37.218,257.61,87.18,0.0,,921008
GRB 921015,1992-10-15,123.03999999999996,41.69,1989.0,1992-10-15 01:36:32.386,123.04,41.69,0.0,,921015
GRB 921017,1992-10-17,198.49,-17.229999999999997,1991.0,1992-10-17 23:55:13.154,198.49,-17.23,0.0,,921017
GRB 921021,1992-10-21,241.05,36.24,1993.0,1992-10-21 18:20:43.778,241.05,36.24,0.0,,921021
GRB 921022B,1992-10-22,253.78,-12.42,1997.0,1992-10-22 15:20:59.458,253.78,-12.42,0.0,,921022
GRB 921029A,1992-10-29,34.13999999999999,-1.57,2018.0,1992-10-29 12:37:56.482,34.14,-1.57,0.0,,921029B
GRB 921029B,1992-10-29,128.61,63.81,2019.0,1992-10-29 18:16:53.122,128.61,63.81,0.0,,921029
GRB 921031B,1992-10-31,294.54,12.71,2035.0,1992-10-31 18:00:05.506,294.54,12.71,0.0,,921031
GRB 921101,1992-11-01,324.61999999999995,47.36,2037.0,1992-11-01 18:03:55.714,324.62,47.36,0.0,,921101
GRB 921102C,1992-11-02,134.41999999999996,-30.76,2041.0,1992-11-02 23:00:08.450,134.42,-30.76,0.0,,921102
GRB 921109,1992-11-09,213.46,-33.07,2044.0,1992-11-09 19:40:09.218,213.46,-33.07,0.0,,921109
GRB 921110C,1992-11-10,59.88999999999999,33.809999999999995,2047.0,1992-11-10 13:38:58.818,59.89,33.81,0.0,,921110
GRB 921112D,1992-11-12,77.97999999999999,30.21,2053.0,1992-11-12 16:28:14.466,77.98,30.21,0.0,,921112
GRB 921118,1992-11-18,350.44999999999993,50.32,2061.0,1992-11-18 22:11:44.386,350.45,50.32,0.0,,921118
GRB 921123A,1992-11-23,334.2399999999999,-53.25,2067.0,1992-11-23 06:18:31.682,334.24,-53.25,0.0,,921123
GRB 921127,1992-11-27,129.03,-63.15,2069.0,1992-11-27 00:08:07.042,129.03,-63.15,0.0,,921127
GRB 921128,1992-11-28,294.51,-38.96,2070.0,1992-11-28 10:24:52.098,294.51,-38.96,0.0,,921128
GRB 921203,1992-12-03,233.61999999999995,21.03,2074.0,1992-12-03 21:44:22.914,233.62,21.03,0.0,,921203
GRB 921205,1992-12-05,339.11999999999995,5.8,2077.0,1992-12-05 00:32:28.290,339.12,5.8,0.0,,921205
GRB 921206B,1992-12-06,176.47999999999996,45.72,2080.0,1992-12-06 18:24:19.330,176.48,45.72,0.0,,921206
GRB 921207A,1992-12-07,357.69999999999993,26.91,2081.0,1992-12-07 01:05:22.562,357.7,26.91,0.0,,921207B
GRB 921207B,1992-12-07,306.33,-42.93,2083.0,1992-12-07 16:00:47.938,306.33,-42.93,0.0,,921207
GRB 921208,1992-12-08,7.4416666666666655,55.75,2087.0,1992-12-08 11:19:34.402,7.44,55.75,0.001,,921208
GRB 921209B,1992-12-09,332.97,-52.02,2090.0,1992-12-09 11:35:38.754,332.97,-52.02,0.0,,921209
GRB 921211,1992-12-11,18.39,47.47,2093.0,1992-12-11 14:30:32.834,18.39,47.47,0.0,,921211
GRB 921217,1992-12-17,88.88999999999999,21.24,2101.0,1992-12-17 19:34:35.394,88.89,21.24,0.0,,921217
GRB 921218,1992-12-18,355.61999999999995,-55.31,2102.0,1992-12-18 02:30:02.626,355.62,-55.31,0.0,,921218
GRB 921222,1992-12-22,85.67999999999999,-15.64,2105.0,1992-12-22 20:32:52.866,85.68,-15.64,0.0,,921222
GRB 921227,1992-12-27,206.33,-25.65,2106.0,1992-12-27 12:44:08.194,206.33,-25.65,0.0,,921227
GRB 921230A,1992-12-30,19.52,17.21,2110.0,1992-12-30 08:57:50.978,19.52,17.21,0.0,,921230
GRB 921230B,1992-12-30,150.53999999999996,28.63,2111.0,1992-12-30 14:05:45.986,150.54,28.63,0.0,,921230B
GRB 921230C,1992-12-30,221.86,34.16,2112.0,1992-12-30 15:41:01.954,221.86,34.16,0.0,,921230C
GRB 930102,1993-01-02,220.54,10.46,2114.0,1993-01-02 11:15:59.234,220.54,10.46,0.0,,930102
GRB 930106A,1993-01-06,199.45999999999995,-15.43,2119.0,1993-01-06 09:45:45.090,199.46,-15.43,0.0,,930106C
GRB 930106D,1993-01-06,124.78999999999998,-32.62,2122.0,1993-01-06 19:57:15.266,124.79,-32.62,0.0,,930106B
GRB 930108,1993-01-08,94.62,-30.44,2123.0,1993-01-08 02:28:55.042,94.62,-30.44,0.0,,930108
GRB 930113A,1993-01-13,328.31999999999994,9.54,2129.0,1993-01-13 00:09:02.338,328.32,9.54,0.0,,930113
GRB 930114A,1993-01-14,283.6599999999999,60.03,2133.0,1993-01-14 00:44:50.690,283.66,60.03,0.0,,930114B
GRB 930120,1993-01-20,261.31,14.739999999999998,2138.0,1993-01-20 23:31:40.290,261.31,14.74,0.0,,930120
GRB 930121A,1993-01-21,8.479166666666666,-20.81,2140.0,1993-01-21 09:17:10.146,8.48,-20.81,0.001,,930121B
GRB 930123,1993-01-23,60.38999999999999,38.34,2143.0,1993-01-23 18:45:21.154,60.39,38.34,0.0,,930123
GRB 930127A,1993-01-27,245.3,-19.96,2148.0,1993-01-27 00:28:43.010,245.3,-19.96,0.0,,930127B
GRB 930127B,1993-01-27,310.94999999999993,-39.63,2149.0,1993-01-27 16:14:25.922,310.95,-39.63,0.0,,930127
GRB 930131A,1993-01-31,182.04,-8.239999999999998,2151.0,1993-01-31 18:57:11.682,182.04,-8.24,0.0,,930131
GRB 930131B,1993-01-31,79.83,-2.6,2152.0,1993-01-31 21:11:11.234,79.83,-2.6,0.0,,930131B
GRB 930201C,1993-02-01,333.53,41.15,2156.0,1993-02-01 16:41:55.586,333.53,41.15,0.0,,930201
GRB 930210,1993-02-10,248.88,22.25,2181.0,1993-02-10 02:10:11.714,248.88,22.25,0.0,,930210
GRB 930212,1993-02-12,38.35,8.889999999999999,2187.0,1993-02-12 11:29:56.866,38.35,8.89,0.0,,930212
GRB 930213A,1993-02-13,13.929999999999998,49.41,2188.0,1993-02-13 08:52:06.914,13.93,49.41,0.0,,930213
GRB 930213B,1993-02-13,199.97,-67.46000000000001,2189.0,1993-02-13 12:45:44.450,199.97,-67.46,0.0,,930213B
GRB 930214A,1993-02-14,255.35,17.990000000000002,2190.0,1993-02-14 04:08:17.794,255.35,17.99,0.0,,930214
GRB 930214B,1993-02-14,282.83,-44.51,2191.0,1993-02-14 07:36:55.170,282.83,-44.51,0.0,,930214C
GRB 930214C,1993-02-14,194.8,26.77,2193.0,1993-02-14 18:12:58.626,194.8,26.77,0.0,,930214B
GRB 930217,1993-02-17,117.77999999999996,0.9805555555555556,2197.0,1993-02-17 14:44:38.402,117.78,0.98,0.001,,930217
GRB 930219B,1993-02-19,330.63,35.080000000000005,2202.0,1993-02-19 03:59:05.858,330.63,35.08,0.0,,930219D
GRB 930219C,1993-02-19,242.82,57.51,2203.0,1993-02-19 05:08:12.546,242.82,57.51,0.0,,930219B
GRB 930219D,1993-02-19,58.28999999999999,-30.05,2204.0,1993-02-19 08:29:57.762,58.29,-30.05,0.0,,930219C
GRB 930221,1993-02-21,145.12999999999997,-25.85,2207.0,1993-02-21 18:23:07.906,145.13,-25.85,0.0,,930221
GRB 930301,1993-03-01,296.21,-40.44,2211.0,1993-03-01 15:36:54.146,296.21,-40.44,0.0,,930301
GRB 930302,1993-03-02,90.33,5.430000000000001,2213.0,1993-03-02 21:33:17.570,90.33,5.43,0.0,,930302
GRB 930305A,1993-03-05,40.92,-36.69,2219.0,1993-03-05 07:11:37.346,40.92,-36.69,0.0,,930305
GRB 930309A,1993-03-09,325.41,51.73,2228.0,1993-03-09 03:07:49.762,325.41,51.73,0.0,,930309
GRB 930309B,1993-03-09,32.56999999999999,-28.16,2230.0,1993-03-09 12:27:56.418,32.57,-28.16,0.0,,930309B
GRB 930310,1993-03-10,284.35,-52.39,2232.0,1993-03-10 07:19:20.130,284.35,-52.39,0.0,,930310
GRB 930311,1993-03-11,126.89,-32.38,2233.0,1993-03-11 05:56:38.146,126.89,-32.38,0.0,,930311
GRB 930313,1993-03-13,35.8,86.06,2240.0,1993-03-13 10:56:34.946,35.8,86.06,0.0,,930313
GRB 930315,1993-03-15,0.3333333333333333,-10.89,2244.0,1993-03-15 00:49:45.602,0.35,-10.89,0.016,,930315
GRB 930316,1993-03-16,12.82,-62.67,2252.0,1993-03-16 22:44:37.634,12.82,-62.67,0.0,,930316
GRB 930317,1993-03-17,2.7416666666666663,7.99,2253.0,1993-03-17 15:57:53.922,2.74,7.99,0.002,,930317
GRB 930318A,1993-03-18,106.17999999999998,-19.14,2254.0,1993-03-18 07:09:20.770,106.18,-19.14,0.0,,930318B
GRB 930326A,1993-03-26,138.82999999999998,21.34,2267.0,1993-03-26 05:05:42.786,138.83,21.34,0.0,,930326B
GRB 930331A,1993-03-31,42.99999999999999,47.27,2276.0,1993-03-31 03:11:16.610,43.0,47.27,0.0,,930331
GRB 930331B,1993-03-31,50.13,-36.830000000000005,2277.0,1993-03-31 08:15:30.434,50.13,-36.83,0.0,,930331B
GRB 930405B,1993-04-05,200.06,13.02,2287.0,1993-04-05 13:59:50.658,200.06,13.02,0.0,,930405
GRB 930410,1993-04-10,25.039999999999992,-20.56,2298.0,1993-04-10 02:58:33.730,25.04,-20.56,0.0,,930410
GRB 930415,1993-04-15,29.03,17.529999999999998,2304.0,1993-04-15 09:19:48.866,29.03,17.53,0.0,,930415
GRB 930416,1993-04-16,144.54999999999998,-24.18,2306.0,1993-04-16 22:27:13.410,144.55,-24.18,0.0,,930416
GRB 930418B,1993-04-18,333.14,17.08,2309.0,1993-04-18 22:44:07.682,333.14,17.08,0.0,,930418B
GRB 930420A,1993-04-20,36.13,-29.040000000000003,2310.0,1993-04-20 05:19:52.450,36.13,-29.04,0.0,,930420B
GRB 930420B,1993-04-20,241.71,-7.09,2311.0,1993-04-20 18:15:57.058,241.71,-7.09,0.0,,930420
GRB 930424,1993-04-24,54.22,41.6,2315.0,1993-04-24 19:19:00.226,54.22,41.6,0.0,,930424
GRB 930425A,1993-04-25,17.999999999999996,-35.19,2316.0,1993-04-25 10:17:29.986,18.0,-35.19,0.0,,930425B
GRB 930430A,1993-04-30,106.32999999999998,20.97,2321.0,1993-04-30 15:01:18.594,106.33,20.97,0.0,,930430
GRB 930503A,1993-05-03,198.33,-63.52,2324.0,1993-05-03 06:32:30.594,198.33,-63.52,0.0,,930503
GRB 930503B,1993-05-03,19.62,-22.26,2325.0,1993-05-03 14:17:35.490,19.62,-22.26,0.0,,930503B
GRB 930503D,1993-05-03,5.370833333333332,-40.22,2327.0,1993-05-03 20:46:03.906,5.37,-40.22,0.001,,930503C
GRB 930506A,1993-05-06,101.82999999999998,-16.66,2328.0,1993-05-06 05:37:45.602,101.83,-16.66,0.0,,930506C
GRB 930506B,1993-05-06,64.44999999999999,-5.97,2329.0,1993-05-06 14:52:51.458,64.45,-5.97,0.0,,930506
GRB 930514B,1993-05-14,344.19999999999993,16.41,2340.0,1993-05-14 16:57:27.042,344.2,16.41,0.0,,930514B
GRB 930517A,1993-05-17,5.85,22.85,2344.0,1993-05-17 09:14:01.730,5.85,22.85,0.0,,930517B
GRB 930517B,1993-05-17,29.34,-5.96,2345.0,1993-05-17 19:59:28.898,29.34,-5.96,0.0,,930517
GRB 930518,1993-05-18,349.17,-37.51,2346.0,1993-05-18 03:20:25.730,349.17,-37.51,0.0,,930518
GRB 930519,1993-05-19,26.84,-41.46,2347.0,1993-05-19 16:13:53.154,26.84,-41.46,0.0,,930519
GRB 930521,1993-05-21,203.15,-31.88,2349.0,1993-05-21 02:42:36.290,203.15,-31.88,0.0,,930521
GRB 930531,1993-05-31,340.04,13.25,2362.0,1993-05-31 15:53:38.114,340.04,13.25,0.0,,930531
GRB 930602A,1993-06-02,263.22,37.66,2367.0,1993-06-02 13:43:04.066,263.22,37.66,0.0,,930602
GRB 930602B,1993-06-02,217.98,-32.34,2368.0,1993-06-02 19:24:52.738,217.98,-32.34,0.0,,930602B
GRB 930603,1993-06-03,121.16,0.4194444444444444,2371.0,1993-06-03 13:43:59.362,121.16,0.42,0.001,,930603
GRB 930605B,1993-06-05,294.36999999999995,34.11,2373.0,1993-06-05 06:51:20.066,294.37,34.11,0.0,,930605
GRB 930606A,1993-06-06,252.64,-79.26,2375.0,1993-06-06 07:18:48.706,252.64,-79.26,0.0,,930606B
GRB 930607,1993-06-07,163.43999999999997,35.64,2380.0,1993-06-07 21:08:09.730,163.44,35.64,0.0,,930607
GRB 930608A,1993-06-08,323.25,-10.22,2381.0,1993-06-08 11:29:10.786,323.25,-10.22,0.0,,930608B
GRB 930609A,1993-06-09,208.73,-16.38,2383.0,1993-06-09 10:07:24.162,208.73,-16.38,0.0,,930609
GRB 930610,1993-06-10,211.88,-1.91,2385.0,1993-06-10 17:52:12.418,211.88,-1.91,0.0,,930610
GRB 930612A,1993-06-12,103.07,-69.76,2387.0,1993-06-12 00:44:17.666,103.07,-69.76,0.0,,930612
GRB 930612D,1993-06-12,37.1,30.74,2391.0,1993-06-12 16:45:20.386,37.1,30.74,0.0,,930612D
GRB 930613,1993-06-13,316.23,-31.41,2392.0,1993-06-13 22:16:03.458,316.23,-31.41,0.0,,930613
GRB 930614A,1993-06-14,168.14,23.95,2393.0,1993-06-14 03:40:30.594,168.14,23.95,0.0,,930614
GRB 930614B,1993-06-14,33.3,-41.04,2394.0,1993-06-14 16:34:37.058,33.3,-41.04,0.0,,930614B
GRB 930619,1993-06-19,244.95999999999995,-68.14,2401.0,1993-06-19 19:10:57.154,244.96,-68.14,0.0,,930619
GRB 930621A,1993-06-21,201.2,-44.61,2405.0,1993-06-21 01:46:58.050,201.2,-44.61,0.0,,930621B
GRB 930627,1993-06-27,151.99999999999997,-55.94,2419.0,1993-06-27 01:29:44.834,152.0,-55.94,0.0,,930627
GRB 930701A,1993-07-01,298.72,6.33,2423.0,1993-07-01 00:31:51.450,298.72,6.33,0.0,,930701
GRB 930701B,1993-07-01,314.86999999999995,78.94,2424.0,1993-07-01 22:12:33.562,314.87,78.94,0.0,,930701B
GRB 930704B,1993-07-04,100.9,60.8,2428.0,1993-07-04 16:49:05.690,100.9,60.8,0.0,,930704
GRB 930705A,1993-07-05,283.08,-39.24,2429.0,1993-07-05 12:39:08.186,283.08,-39.24,0.0,,930705
GRB 930705B,1993-07-05,78.27,-56.17,2430.0,1993-07-05 23:52:01.434,78.27,-56.17,0.0,,930705B
GRB 930706B,1993-07-06,210.09,-1.36,2432.0,1993-07-06 08:09:10.810,210.09,-1.36,0.0,,930706B
GRB 930708C,1993-07-08,80.78999999999999,26.94,2435.0,1993-07-08 19:29:55.866,80.79,26.94,0.0,,930708
GRB 930709A,1993-07-09,194.41,-46.73,2436.0,1993-07-09 06:14:22.106,194.41,-46.73,0.0,,930709
GRB 930709B,1993-07-09,351.80999999999995,-8.389999999999999,2437.0,1993-07-09 17:26:51.802,351.81,-8.39,0.0,,930709B
GRB 930710,1993-07-10,26.349999999999994,40.19,2438.0,1993-07-10 03:14:30.170,26.35,40.19,0.0,,930710
GRB 930711A,1993-07-11,265.49999999999994,-10.989999999999998,2440.0,1993-07-11 00:51:28.026,265.5,-10.99,0.0,,930711B
GRB 930711B,1993-07-11,13.749999999999998,-9.09,2441.0,1993-07-11 03:32:01.818,13.75,-9.09,0.0,,930711C
GRB 930711C,1993-07-11,211.61999999999995,-37.39,2442.0,1993-07-11 15:10:35.162,211.62,-37.39,0.0,,930711D
GRB 930711D,1993-07-11,251.05,-50.56,2443.0,1993-07-11 23:53:55.098,251.05,-50.56,0.0,,930711
GRB 930714,1993-07-14,257.7,23.7,2446.0,1993-07-14 16:12:53.786,257.7,23.7,0.0,,930714
GRB 930715,1993-07-15,223.03,3.39,2447.0,1993-07-15 15:01:19.130,223.03,3.39,0.0,,930715
GRB 930720A,1993-07-20,20.82,25.34,2450.0,1993-07-20 14:35:09.850,20.82,25.34,0.0,,930720
GRB 930720B,1993-07-20,95.50999999999998,47.17,2451.0,1993-07-20 20:22:28.250,95.51,47.17,0.0,,930720B
GRB 930721A,1993-07-21,78.65999999999998,-33.15,2452.0,1993-07-21 01:17:22.458,78.66,-33.15,0.0,,930721B
GRB 930721B,1993-07-21,298.5799999999999,-40.79,2453.0,1993-07-21 12:45:35.258,298.58,-40.79,0.0,,930721
GRB 930724A,1993-07-24,289.6,58.31,2458.0,1993-07-24 02:21:50.362,289.6,58.31,0.0,,930724
GRB 930724B,1993-07-24,75.91999999999999,0.2305555555555555,2460.0,1993-07-24 15:42:29.146,75.92,0.23,0.001,,930724C
GRB 930730,1993-07-30,304.54999999999995,27.95,2472.0,1993-07-30 05:13:42.810,304.55,27.95,0.0,,930730
GRB 930731B,1993-07-31,102.30999999999996,37.38,2476.0,1993-07-31 06:23:56.570,102.31,37.38,0.0,,930731
GRB 930801,1993-08-01,292.7799999999999,46.02,2477.0,1993-08-01 02:12:13.850,292.78,46.02,0.0,,930801
GRB 930805B,1993-08-05,334.54999999999995,-15.6,2482.0,1993-08-05 12:39:28.666,334.55,-15.6,0.0,,930805
GRB 930807B,1993-08-07,275.1,-56.84,2484.0,1993-08-07 22:02:49.370,275.1,-56.84,0.0,,930807
GRB 930819,1993-08-19,105.76999999999998,-49.28,2495.0,1993-08-19 16:09:01.338,105.77,-49.28,0.0,,930819
GRB 930820,1993-08-20,153.04999999999998,-51.88,2496.0,1993-08-20 00:18:33.754,153.05,-51.88,0.0,,930820
GRB 930822B,1993-08-22,213.09,-0.6799999999999999,2500.0,1993-08-22 14:44:51.994,213.09,-0.68,0.0,,930822
GRB 930828,1993-08-28,177.11,37.24,2505.0,1993-08-28 01:27:23.546,177.11,37.24,0.0,,930828
GRB 930901,1993-09-01,158.28,-38.36,2508.0,1993-09-01 01:28:12.698,158.28,-38.36,0.0,,930901
GRB 930902B,1993-09-02,103.12,16.15,2510.0,1993-09-02 21:27:58.874,103.12,16.15,0.0,,930902B
GRB 930909,1993-09-09,15.83,36.84,2519.0,1993-09-09 16:14:13.402,15.83,36.84,0.0,,930909
GRB 930910C,1993-09-10,167.58999999999995,-66.69,2522.0,1993-09-10 12:12:08.218,167.59,-66.69,0.0,,930910
GRB 930913A,1993-09-13,294.27,44.27,2528.0,1993-09-13 17:05:12.346,294.27,44.27,0.0,,930913B
GRB 930914,1993-09-14,34.25999999999999,34.29,2530.0,1993-09-14 02:49:11.578,34.26,34.29,0.0,,930914
GRB 930916B,1993-09-16,280.7099999999999,65.39,2533.0,1993-09-16 20:19:23.418,280.71,65.39,0.0,,930916
GRB 930922B,1993-09-22,271.19999999999993,55.89,2537.0,1993-09-22 06:24:46.810,271.2,55.89,0.0,,930922
GRB 930926,1993-09-26,66.44,30.51,2541.0,1993-09-26 16:53:50.362,66.44,30.51,0.0,,930926
GRB 931003,1993-10-03,100.46,-45.96,2560.0,1993-10-03 21:20:29.082,100.46,-45.96,0.0,,931003
GRB 931008A,1993-10-08,280.11,-41.55,2569.0,1993-10-08 00:44:59.674,280.11,-41.55,0.0,,931008C
GRB 931008B,1993-10-08,42.98,21.37,2570.0,1993-10-08 07:18:14.554,42.98,21.37,0.0,,931008B
GRB 931013A,1993-10-13,169.23,19.110000000000003,2581.0,1993-10-13 14:57:59.066,169.23,19.11,0.0,,931013B
GRB 931014B,1993-10-14,272.5,9.34,2586.0,1993-10-14 17:01:01.722,272.5,9.34,0.0,,931014
GRB 931016B,1993-10-16,76.21999999999998,41.34,2589.0,1993-10-16 12:32:47.258,76.22,41.34,0.0,,931016B
GRB 931019B,1993-10-19,242.92,-18.7,2593.0,1993-10-19 18:22:34.906,242.92,-18.7,0.0,,931019
GRB 931023,1993-10-23,4.191666666666666,74.17,2600.0,1993-10-23 04:13:50.362,4.19,74.17,0.0,,931023
GRB 931024,1993-10-24,137.62999999999997,-8.489999999999998,2603.0,1993-10-24 13:29:09.018,137.63,-8.49,0.0,,931024
GRB 931026,1993-10-26,51.35999999999999,-10.56,2606.0,1993-10-26 11:35:57.338,51.36,-10.56,0.0,,931026
GRB 931030C,1993-10-30,258.58,33.47,2610.0,1993-10-30 18:59:05.754,258.58,33.47,0.0,,931030B
GRB 931031,1993-10-31,325.1,62.73,2611.0,1993-10-31 04:06:35.354,325.1,62.73,0.0,,931031
GRB 931106,1993-11-06,196.75,-3.13,2619.0,1993-11-06 20:32:04.250,196.75,-3.13,0.0,,931106
GRB 931108,1993-11-08,59.63999999999999,-6.35,2620.0,1993-11-08 22:51:37.498,59.64,-6.35,0.0,,931108
GRB 931110,1993-11-10,217.59,-21.81,2623.0,1993-11-10 17:14:03.674,217.59,-21.81,0.0,,931110
GRB 931112,1993-11-12,311.50999999999993,55.95,2628.0,1993-11-12 18:45:53.306,311.51,55.95,0.0,,931112
GRB 931114,1993-11-14,29.04,-39.97,2634.0,1993-11-14 05:13:15.162,29.04,-39.97,0.0,,931114
GRB 931115,1993-11-15,64.28999999999999,25.32,2636.0,1993-11-15 16:33:27.194,64.29,25.32,0.0,,931115
GRB 931117,1993-11-17,348.98999999999995,-44.14,2640.0,1993-11-17 21:55:49.018,348.99,-44.14,0.0,,931117
GRB 931118,1993-11-18,20.05,-6.16,2641.0,1993-11-18 11:31:47.482,20.05,-6.16,0.0,,931118
GRB 931126A,1993-11-26,157.27999999999997,70.08,2660.0,1993-11-26 04:46:46.682,157.28,70.08,0.0,,931126B
GRB 931127,1993-11-27,250.81,-23.07,2662.0,1993-11-27 00:50:09.690,250.81,-23.07,0.0,,931127
GRB 931128A,1993-11-28,110.14,-50.66,2663.0,1993-11-28 05:07:51.578,110.14,-50.66,0.0,,931128B
GRB 931128B,1993-11-28,293.33,80.88,2664.0,1993-11-28 07:52:40.346,293.33,80.88,0.0,,931128C
GRB 931128C,1993-11-28,142.64,18.21,2665.0,1993-11-28 17:04:12.890,142.64,18.21,0.0,,931128
GRB 931203,1993-12-03,6.52,24.53,2671.0,1993-12-03 01:02:03.930,6.52,24.53,0.0,,931203
GRB 931204B,1993-12-04,221.18,-72.72,2677.0,1993-12-04 14:35:14.970,221.18,-72.72,0.0,,931204B
GRB 931206A,1993-12-06,104.59,3.56,2680.0,1993-12-06 08:41:29.754,104.59,3.56,0.0,,931206B
GRB 931206B,1993-12-06,266.6,-5.62,2681.0,1993-12-06 17:36:30.106,266.6,-5.62,0.0,,931206
GRB 931209B,1993-12-09,259.56,20.83,2688.0,1993-12-09 23:11:51.450,259.56,20.83,0.0,,931209
GRB 931212,1993-12-12,247.61,28.44,2691.0,1993-12-12 05:29:07.482,247.61,28.44,0.0,,931212
GRB 931217,1993-12-17,0.7583333333333332,75.3,2695.0,1993-12-17 12:10:39.130,0.76,75.3,0.0,,931217
GRB 931218,1993-12-18,244.98,41.53,2696.0,1993-12-18 19:24:02.586,244.98,41.53,0.0,,931218
GRB 931219A,1993-12-19,20.49,-74.72,2697.0,1993-12-19 00:46:06.490,20.49,-74.72,0.0,,931219
GRB 931221A,1993-12-21,91.01999999999998,-43.17,2700.0,1993-12-21 02:09:50.234,91.02,-43.17,0.0,,931221
GRB 931222,1993-12-22,192.52,28.65,2703.0,1993-12-22 21:21:33.978,192.52,28.65,0.0,,931222
GRB 931223,1993-12-23,256.79,41.24,2706.0,1993-12-23 23:34:20.570,256.79,41.24,0.0,,931223
GRB 931225B,1993-12-25,4.849999999999999,9.87,2709.0,1993-12-25 23:20:12.186,4.85,9.87,0.0,,931225
GRB 931226,1993-12-26,205.95,21.63,2711.0,1993-12-26 20:11:09.338,205.95,21.63,0.0,,931226
GRB 931230,1993-12-30,239.79999999999995,63.59,2719.0,1993-12-30 20:26:49.882,239.8,63.59,0.0,,931230
GRB 940101A,1994-01-01,94.03,-6.52,2725.0,1994-01-01 08:21:48.314,94.03,-6.52,0.0,,940101C
GRB 940101B,1994-01-01,307.39,-14.54,2727.0,1994-01-01 15:49:45.242,307.39,-14.54,0.0,,940101D
GRB 940103,1994-01-03,267.90000000000003,7.140000000000001,2736.0,1994-01-03 22:12:56.346,267.9,7.14,0.0,,940103
GRB 940110A,1994-01-10,337.6,-10.8,2749.0,1994-01-10 01:52:23.642,337.6,-10.8,0.0,,940110
GRB 940110B,1994-01-10,171.34999999999997,60.67,2750.0,1994-01-10 09:25:37.050,171.35,60.67,0.0,,940110B
GRB 940111,1994-01-11,153.16999999999996,-56.330000000000005,2751.0,1994-01-11 08:53:37.050,153.17,-56.33,0.0,,940111
GRB 940112A,1994-01-12,226.38,25.31,2753.0,1994-01-12 12:46:23.386,226.38,25.31,0.0,,940112B
GRB 940115,1994-01-15,216.0,54.01,2760.0,1994-01-15 03:43:30.202,216.0,54.01,0.0,,940115
GRB 940118,1994-01-18,287.7,-63.94,2767.0,1994-01-18 10:56:41.114,287.7,-63.94,0.0,,940118
GRB 940119A,1994-01-19,326.55999999999995,-71.63,2770.0,1994-01-19 02:42:10.714,326.56,-71.63,0.0,,940119B
GRB 940120A,1994-01-20,101.5,-35.5,2774.0,1994-01-20 10:43:31.610,101.5,-35.5,0.0,,940120
GRB 940120B,1994-01-20,146.74999999999997,85.06,2775.0,1994-01-20 12:31:57.082,146.75,85.06,0.0,,940120B
GRB 940124,1994-01-24,89.61,0.5388888888888889,2776.0,1994-01-24 13:58:00.858,89.61,0.54,0.001,,940124
GRB 940126A,1994-01-26,130.97999999999996,9.04,2780.0,1994-01-26 07:50:19.546,130.98,9.04,0.0,,940126
GRB 940128B,1994-01-28,224.02,-15.22,2790.0,1994-01-28 16:51:05.498,224.02,-15.22,0.0,,940128
GRB 940129,1994-01-29,127.45999999999997,28.59,2793.0,1994-01-29 10:43:17.786,127.46,28.59,0.0,,940129
GRB 940203,1994-02-03,184.16,-40.95,2797.0,1994-02-03 15:46:56.090,184.16,-40.95,0.0,,940203
GRB 940206A,1994-02-06,144.2,-59.96,2798.0,1994-02-06 00:08:37.786,144.2,-59.96,0.0,,940206
GRB 940206B,1994-02-06,260.41,-46.47,2799.0,1994-02-06 18:25:47.674,260.41,-46.47,0.0,,940206B
GRB 940210,1994-02-10,152.29,82.13,2812.0,1994-02-10 19:13:16.954,152.29,82.13,0.0,,940210
GRB 940211B,1994-02-11,25.62,-1.4300000000000002,2815.0,1994-02-11 16:16:25.754,25.62,-1.43,0.0,,940211
GRB 940214D,1994-02-14,190.35,21.290000000000003,2825.0,1994-02-14 16:46:00.346,190.35,21.29,0.0,,940214B
GRB 940217A,1994-02-17,353.1,53.35,2830.0,1994-02-17 05:56:52.762,353.1,53.35,0.0,,940217B
GRB 940217B,1994-02-17,29.07,4.55,2831.0,1994-02-17 23:02:42.074,29.07,4.55,0.0,,940217
GRB 940222,1994-02-22,66.0,39.17,2843.0,1994-02-22 11:50:53.082,66.0,39.17,0.0,,940222
GRB 940223,1994-02-23,18.15,15.739999999999998,2844.0,1994-02-23 08:00:13.722,18.15,15.74,0.0,,940223
GRB 940226A,1994-02-26,303.11999999999995,-21.95,2848.0,1994-02-26 00:11:54.394,303.12,-21.95,0.0,,940226B
GRB 940228A,1994-02-28,127.98,-12.36,2852.0,1994-02-28 11:29:00.314,127.98,-12.36,0.0,,940228
GRB 940228A,1994-02-28,127.98,-12.36,2853.0,1994-02-28 19:45:14.906,126.19,-11.29,2.053,,940228B
GRB 940228B,1994-02-28,126.18999999999998,-11.29,2852.0,1994-02-28 11:29:00.314,127.98,-12.36,2.053,,940228
GRB 940228B,1994-02-28,126.18999999999998,-11.29,2853.0,1994-02-28 19:45:14.906,126.19,-11.29,0.0,,940228B
GRB 940301,1994-03-01,103.51,64.35,2855.0,1994-03-01 20:10:37.082,103.51,64.35,0.0,,940301
GRB 940302,1994-03-02,12.489999999999998,-23.97,2856.0,1994-03-02 05:08:31.514,12.49,-23.97,0.0,,940302
GRB 940303,1994-03-03,192.23,58.68,2857.0,1994-03-03 01:21:53.818,192.23,58.68,0.0,,940303
GRB 940305C,1994-03-05,259.69,0.4611111111111111,2862.0,1994-03-05 15:49:31.226,259.69,0.46,0.001,,940305C
GRB 940306,1994-03-06,300.81999999999994,15.1,2863.0,1994-03-06 03:37:13.114,300.82,15.1,0.0,,940306
GRB 940307,1994-03-07,192.36999999999995,-28.2,2864.0,1994-03-07 07:56:15.386,192.37,-28.2,0.0,,940307
GRB 940312A,1994-03-12,221.5,-56.17,2877.0,1994-03-12 11:28:22.682,221.5,-56.17,0.0,,940312
GRB 940313,1994-03-13,109.45,-14.46,2880.0,1994-03-13 13:02:22.810,109.45,-14.46,0.0,,940313
GRB 940319,1994-03-19,68.74,-12.6,2889.0,1994-03-19 23:57:20.922,68.74,-12.6,0.0,,940319
GRB 940321,1994-03-21,160.32999999999998,3.1,2890.0,1994-03-21 22:05:07.354,160.33,3.1,0.0,,940321
GRB 940323,1994-03-23,213.89,8.370000000000001,2891.0,1994-03-23 22:04:38.426,213.89,8.37,0.0,,940323
GRB 940327,1994-03-27,38.85,53.23,2893.0,1994-03-27 20:24:36.762,38.85,53.23,0.0,,940327
GRB 940328,1994-03-28,97.17999999999998,-32.35,2894.0,1994-03-28 12:05:34.234,97.18,-32.35,0.0,,940328
GRB 940329C,1994-03-29,204.91,-10.33,2897.0,1994-03-29 18:15:37.882,204.91,-10.33,0.0,,940329B
GRB 940330A,1994-03-30,352.23,58.89,2898.0,1994-03-30 17:02:31.578,352.23,58.89,0.0,,940330B
GRB 940331A,1994-03-31,157.80999999999997,57.53,2900.0,1994-03-31 13:52:51.866,157.81,57.53,0.0,,940331B
GRB 940331B,1994-03-31,65.12999999999998,17.64,2901.0,1994-03-31 20:59:35.962,65.13,17.64,0.0,,940331
GRB 940406,1994-04-06,225.44,-39.1,2913.0,1994-04-06 01:10:54.234,225.44,-39.1,0.0,,940406
GRB 940407B,1994-04-07,22.54,40.0,2916.0,1994-04-07 18:20:02.074,22.54,40.0,0.0,,940407
GRB 940409,1994-04-09,265.6,4.6,2917.0,1994-04-09 00:09:49.466,265.6,4.6,0.0,,940409
GRB 940410B,1994-04-10,254.89,30.8,2919.0,1994-04-10 15:45:02.938,254.89,30.8,0.0,,940410
GRB 940412,1994-04-12,217.17,-38.35,2922.0,1994-04-12 01:40:31.002,217.17,-38.35,0.0,,940412
GRB 940413A,1994-04-13,206.26,-23.23,2924.0,1994-04-13 10:12:31.002,206.26,-23.23,0.0,,940413C
GRB 940413B,1994-04-13,216.98,63.78,2925.0,1994-04-13 14:11:24.506,216.98,63.78,0.0,,940413
GRB 940413C,1994-04-13,135.94,-8.26,2927.0,1994-04-13 23:42:55.642,135.94,-8.26,0.0,,940413B
GRB 940414B,1994-04-14,181.26,-26.15,2929.0,1994-04-14 16:46:25.562,181.26,-26.15,0.0,,940414
GRB 940414C,1994-04-14,294.62999999999994,10.95,2931.0,1994-04-14 23:57:27.066,294.63,10.95,0.0,,940414B
GRB 940415A,1994-04-15,255.16,-28.19,2932.0,1994-04-15 08:51:40.314,255.16,-28.19,0.0,,940415B
GRB 940423,1994-04-23,7.519999999999999,-4.08,2944.0,1994-04-23 23:20:19.802,7.52,-4.08,0.0,,940423
GRB 940424,1994-04-24,29.8,-45.21,2945.0,1994-04-24 08:38:36.122,29.8,-45.21,0.0,,940424
GRB 940425A,1994-04-25,119.11,-22.17,2947.0,1994-04-25 06:53:55.738,119.11,-22.17,0.0,,940425
GRB 940425B,1994-04-25,322.94999999999993,14.89,2948.0,1994-04-25 12:14:23.386,322.95,14.89,0.0,,940425C
GRB 940426,1994-04-26,22.809999999999995,0.9,2950.0,1994-04-26 05:29:55.610,22.81,0.9,0.0,,940426
GRB 940427,1994-04-27,56.28999999999999,24.110000000000003,2951.0,1994-04-27 04:36:13.850,56.29,24.11,0.0,,940427
GRB 940429A,1994-04-29,35.1,-57.52,2953.0,1994-04-29 00:43:53.434,35.1,-57.52,0.0,,940429
GRB 940503,1994-05-03,160.99999999999997,10.06,2958.0,1994-05-03 05:07:44.602,161.0,10.06,0.0,,940503
GRB 940504,1994-05-04,163.05999999999997,41.43,2961.0,1994-05-04 08:44:44.570,163.06,41.43,0.0,,940504
GRB 940516,1994-05-16,175.51999999999995,12.96,2980.0,1994-05-16 08:12:13.850,175.52,12.96,0.0,,940516
GRB 940520,1994-05-20,323.49999999999994,6.930000000000001,2984.0,1994-05-20 00:21:38.714,323.5,6.93,0.0,,940520
GRB 940521A,1994-05-21,129.18999999999997,-63.01,2985.0,1994-05-21 11:45:18.490,129.19,-63.01,0.0,,940521B
GRB 940521B,1994-05-21,295.75999999999993,50.61,2986.0,1994-05-21 15:45:44.602,295.76,50.61,0.0,,940521C
GRB 940524A,1994-05-24,135.45999999999998,-3.93,2988.0,1994-05-24 06:23:27.578,135.46,-3.93,0.0,,940524B
GRB 940524B,1994-05-24,157.67999999999998,11.56,2990.0,1994-05-24 09:29:59.194,157.68,11.56,0.0,,940524C
GRB 940526A,1994-05-26,313.54,53.47,2992.0,1994-05-26 03:26:10.586,313.54,53.47,0.0,,940526C
GRB 940526B,1994-05-26,80.40999999999998,-30.39,2993.0,1994-05-26 10:55:26.810,80.41,-30.39,0.0,,940526B
GRB 940526C,1994-05-26,131.84999999999997,34.2,2994.0,1994-05-26 20:20:05.786,131.85,34.2,0.0,,940526
GRB 940527B,1994-05-27,268.78,-54.0,2996.0,1994-05-27 16:18:14.298,268.78,-54.0,0.0,,940527
GRB 940529A,1994-05-29,163.64,-25.33,2998.0,1994-05-29 03:17:02.746,163.64,-25.33,0.0,,940529D
GRB 940529B,1994-05-29,100.92999999999998,-47.55,3001.0,1994-05-29 12:07:17.402,100.93,-47.55,0.0,,940529B
GRB 940529D,1994-05-29,214.84,58.93,3003.0,1994-05-29 21:18:56.154,214.84,58.93,0.0,,940529C
GRB 940530,1994-05-30,111.42,-1.57,3005.0,1994-05-30 08:57:38.714,111.42,-1.57,0.0,,940530
GRB 940602A,1994-06-02,18.23,58.42,3011.0,1994-06-02 00:14:17.754,18.23,58.42,0.0,,940602B
GRB 940602B,1994-06-02,61.52999999999999,-8.889999999999999,3012.0,1994-06-02 07:37:34.362,61.53,-8.89,0.0,,940602
GRB 940604B,1994-06-04,126.34999999999997,-13.42,3015.0,1994-06-04 14:37:07.098,126.35,-13.42,0.0,,940604
GRB 940605,1994-06-05,111.75,43.52,3016.0,1994-06-05 14:59:34.682,111.75,43.52,0.0,,940605
GRB 940606,1994-06-06,311.72,47.19,3017.0,1994-06-06 12:26:33.498,311.72,47.19,0.0,,940606
GRB 940611,1994-06-11,69.04999999999998,0.1611111111111111,3026.0,1994-06-11 23:51:12.282,69.05,0.16,0.001,,940611
GRB 940614,1994-06-14,158.91,9.88,3028.0,1994-06-14 12:27:31.865,158.91,9.88,0.0,,940614
GRB 940616A,1994-06-16,165.03999999999996,-58.18,3029.0,1994-06-16 05:02:06.041,165.04,-58.18,0.0,,940616B
GRB 940616D,1994-06-16,216.76999999999995,-9.27,3032.0,1994-06-16 23:54:56.281,216.77,-9.27,0.0,,940616
GRB 940619,1994-06-19,299.04999999999995,-29.89,3035.0,1994-06-19 21:31:20.602,299.05,-29.89,0.0,,940619
GRB 940621A,1994-06-21,214.08,5.99,3036.0,1994-06-21 02:14:30.041,214.08,5.99,0.0,,940621
GRB 940622,1994-06-22,299.5799999999999,-31.24,3039.0,1994-06-22 13:18:16.666,299.58,-31.24,0.0,,940622
GRB 940623A,1994-06-23,246.86999999999995,12.25,3040.0,1994-06-23 05:25:46.521,246.87,12.25,0.0,,940623B
GRB 940623C,1994-06-23,108.37,75.78,3042.0,1994-06-23 18:46:23.641,108.37,75.78,0.0,,940623
GRB 940701,1994-07-01,145.17999999999998,-6.430000000000001,3055.0,1994-07-01 21:46:38.641,145.18,-6.43,0.0,,940701
GRB 940702,1994-07-02,29.73,-23.53,3056.0,1994-07-02 09:28:11.698,29.73,-23.53,0.0,,940702
GRB 940703A,1994-07-03,131.5,27.39,3057.0,1994-07-03 04:40:46.514,131.5,27.39,0.0,,940703
GRB 940708C,1994-07-08,301.58,24.66,3067.0,1994-07-08 20:42:06.193,301.58,24.66,0.0,,940708
GRB 940709,1994-07-09,72.01999999999998,-34.16,3068.0,1994-07-09 11:23:20.113,72.02,-34.16,0.0,,940709
GRB 940710A,1994-07-10,260.12999999999994,-8.620000000000001,3070.0,1994-07-10 09:01:01.489,260.13,-8.62,0.0,,940710B
GRB 940710B,1994-07-10,96.42,-36.59,3071.0,1994-07-10 09:55:29.073,96.42,-36.59,0.0,,940710
GRB 940711,1994-07-11,110.57999999999998,-25.25,3072.0,1994-07-11 18:14:06.513,110.58,-25.25,0.0,,940711
GRB 940713,1994-07-13,148.92999999999998,10.9,3074.0,1994-07-13 10:49:41.297,148.93,10.9,0.0,,940713
GRB 940714A,1994-07-14,333.58,-42.1,3075.0,1994-07-14 12:54:21.618,333.58,-42.1,0.0,,940714
GRB 940714B,1994-07-14,251.35,-32.09,3076.0,1994-07-14 16:48:02.225,251.35,-32.09,0.0,,940714B
GRB 940715A,1994-07-15,138.08999999999995,8.4,3080.0,1994-07-15 16:13:13.778,138.09,8.4,0.0,,940715B
GRB 940716A,1994-07-16,238.48999999999995,-64.83999999999999,3084.0,1994-07-16 09:39:16.274,238.49,-64.84,0.0,,940716
GRB 940716B,1994-07-16,127.18999999999998,88.1,3085.0,1994-07-16 13:01:53.202,127.19,88.1,0.0,,940716B
GRB 940717B,1994-07-17,102.21,-59.36,3088.0,1994-07-17 08:47:41.745,102.21,-59.36,0.0,,940717C
GRB 940720,1994-07-20,145.93999999999997,-62.53,3091.0,1994-07-20 09:13:24.913,145.94,-62.53,0.0,,940720
GRB 940722,1994-07-22,280.34,-40.91,3093.0,1994-07-22 08:18:24.561,280.34,-40.91,0.0,,940722
GRB 940726,1994-07-26,6.558333333333333,-49.89,3096.0,1994-07-26 14:39:48.913,6.56,-49.89,0.001,,940726
GRB 940728B,1994-07-28,291.22,4.45,3100.0,1994-07-28 14:06:40.305,291.22,4.45,0.0,,940728
GRB 940728C,1994-07-28,85.49,-39.87,3101.0,1994-07-28 23:58:54.129,85.49,-39.87,0.0,,940728B
GRB 940730,1994-07-30,348.14,-62.86,3102.0,1994-07-30 18:17:23.889,348.14,-62.86,0.0,,940730
GRB 940731,1994-07-31,121.34,-56.41,3103.0,1994-07-31 00:41:10.577,121.34,-56.41,0.0,,940731
GRB 940803B,1994-08-03,275.85,-6.930000000000001,3105.0,1994-08-03 04:00:02.226,275.85,-6.93,0.0,,940803B
GRB 940806C,1994-08-06,242.38,13.65,3109.0,1994-08-06 09:32:56.881,242.38,13.65,0.0,,940806B
GRB 940806D,1994-08-06,26.75,-49.85,3110.0,1994-08-06 19:43:20.242,26.75,-49.85,0.0,,940806
GRB 940810,1994-08-10,212.01,-17.47,3115.0,1994-08-10 02:22:42.289,212.01,-17.47,0.0,,940810
GRB 940812A,1994-08-12,340.48999999999995,-46.12,3119.0,1994-08-12 00:27:42.642,340.49,-46.12,0.0,,940812B
GRB 940812B,1994-08-12,89.17999999999999,45.59,3120.0,1994-08-12 12:05:30.673,89.18,45.59,0.0,,940812
GRB 940816,1994-08-16,198.3,-29.610000000000003,3127.0,1994-08-16 10:44:46.386,198.3,-29.61,0.0,,940816
GRB 940817,1994-08-17,280.8399999999999,3.47,3128.0,1994-08-17 08:40:15.793,280.84,3.47,0.0,,940817
GRB 940819,1994-08-19,160.49999999999997,-5.51,3129.0,1994-08-19 23:44:34.226,160.5,-5.51,0.0,,940819
GRB 940821A,1994-08-21,334.2399999999999,-45.2,3130.0,1994-08-21 04:24:18.353,334.24,-45.2,0.0,,940821B
GRB 940821B,1994-08-21,294.69,43.48,3131.0,1994-08-21 21:51:27.922,294.69,43.48,0.0,,940821
GRB 940822,1994-08-22,134.39999999999998,-8.4,3132.0,1994-08-22 09:26:05.489,134.4,-8.4,0.0,,940822
GRB 940823A,1994-08-23,41.66,9.15,3134.0,1994-08-23 03:16:56.370,41.66,9.15,0.0,,940823B
GRB 940823B,1994-08-23,101.08,12.23,3135.0,1994-08-23 10:31:57.618,101.08,12.23,0.0,,940823
GRB 940823C,1994-08-23,59.58999999999999,36.580000000000005,3136.0,1994-08-23 16:23:48.145,59.59,36.58,0.0,,940823C
GRB 940826,1994-08-26,93.59,-34.63,3138.0,1994-08-26 20:55:20.242,93.59,-34.63,0.0,,940826
GRB 940827A,1994-08-27,281.06,-4.52,3139.0,1994-08-27 05:18:07.025,281.06,-4.52,0.0,,940827B
GRB 940829,1994-08-29,129.39,-15.48,3142.0,1994-08-29 09:27:17.169,129.39,-15.48,0.0,,940829
GRB 940830A,1994-08-30,193.66,25.66,3143.0,1994-08-30 08:59:56.722,193.66,25.66,0.0,,940830
GRB 940830B,1994-08-30,1.7599999999999998,-6.29,3144.0,1994-08-30 11:37:19.282,1.76,-6.29,0.0,,940830B
GRB 940902C,1994-09-02,215.42,-65.97,3153.0,1994-09-02 17:00:05.681,215.42,-65.97,0.0,,940902B
GRB 940904,1994-09-04,243.38,44.09,3155.0,1994-09-04 03:59:51.986,243.38,44.09,0.0,,940904
GRB 940905,1994-09-05,281.29,-0.46,3156.0,1994-09-05 22:15:47.121,281.29,-0.46,0.0,,940905
GRB 940907,1994-09-07,94.87,73.47,3159.0,1994-09-07 08:25:36.177,94.87,73.47,0.0,,940907
GRB 940909,1994-09-09,55.67,4.17,3160.0,1994-09-09 05:02:19.570,55.67,4.17,0.0,,940909
GRB 940910B,1994-09-10,224.28,8.620000000000001,3164.0,1994-09-10 21:45:17.489,224.28,8.62,0.0,,940910B
GRB 940911,1994-09-11,35.529999999999994,-63.03,3166.0,1994-09-11 16:27:40.337,35.53,-63.03,0.0,,940911
GRB 940913,1994-09-13,166.58999999999995,33.49,3167.0,1994-09-13 14:43:20.881,166.59,33.49,0.0,,940913
GRB 940915,1994-09-15,219.42,47.7,3168.0,1994-09-15 06:52:19.505,219.42,47.7,0.0,,940915
GRB 940917,1994-09-17,91.39,1.65,3171.0,1994-09-17 17:16:03.633,91.39,1.65,0.0,,940917
GRB 940919,1994-09-19,206.54,41.43,3174.0,1994-09-19 00:42:22.257,206.54,41.43,0.0,,940919
GRB 940921A,1994-09-21,112.04999999999998,24.57,3177.0,1994-09-21 03:08:48.370,112.05,24.57,0.0,,940921B
GRB 940921B,1994-09-21,204.9,-17.77,3178.0,1994-09-21 05:08:13.106,204.9,-17.77,0.0,,940921
GRB 940925,1994-09-25,107.07,-20.39,3193.0,1994-09-25 16:12:01.586,107.07,-20.39,0.0,,940925
GRB 941003A,1994-10-03,186.9,35.04,3212.0,1994-10-03 05:17:17.874,186.9,35.04,0.0,,941003B
GRB 941005A,1994-10-05,251.48999999999995,7.01,3217.0,1994-10-05 04:04:38.706,251.49,7.01,0.0,,941005
GRB 941006,1994-10-06,208.54,-36.37,3220.0,1994-10-06 13:04:54.449,208.54,-36.37,0.0,,941006
GRB 941008,1994-10-08,305.61999999999995,-52.18,3227.0,1994-10-08 13:32:52.785,305.62,-52.18,0.0,,941008
GRB 941009,1994-10-09,352.23,-57.25,3229.0,1994-10-09 03:35:59.409,352.23,-57.25,0.0,,941009
GRB 941011,1994-10-11,123.54999999999998,32.43,3237.0,1994-10-11 16:40:11.185,123.55,32.43,0.0,,941011
GRB 941012,1994-10-12,47.31,48.51,3238.0,1994-10-12 03:00:33.073,47.31,48.51,0.0,,941012
GRB 941014A,1994-10-14,31.66,7.430000000000001,3241.0,1994-10-14 09:20:08.113,31.66,7.43,0.0,,941014
GRB 941014B,1994-10-14,164.77999999999997,19.74,3242.0,1994-10-14 23:15:16.785,164.78,19.74,0.0,,941014B
GRB 941017A,1994-10-17,301.55,9.81,3245.0,1994-10-17 10:19:33.938,301.55,9.81,0.0,,941017
GRB 941017B,1994-10-17,207.36999999999995,-0.13,3246.0,1994-10-17 16:24:16.818,207.37,-0.13,0.0,,941017B
GRB 941018A,1994-10-18,55.74,-16.279999999999998,3247.0,1994-10-18 06:02:10.994,55.74,-16.28,0.0,,941018
GRB 941018B,1994-10-18,329.02,-1.7300000000000002,3248.0,1994-10-18 08:36:43.057,329.02,-1.73,0.0,,941018B
GRB 941023A,1994-10-23,212.28,-82.35,3255.0,1994-10-23 04:34:32.242,212.28,-82.35,0.0,,941023
GRB 941023B,1994-10-23,354.02,56.52,3256.0,1994-10-23 12:15:25.361,354.02,56.52,0.0,,941023B
GRB 941026A,1994-10-26,205.96,-6.53,3257.0,1994-10-26 02:52:35.633,205.96,-6.53,0.0,,941026
GRB 941026B,1994-10-26,109.05999999999996,33.559999999999995,3259.0,1994-10-26 22:10:50.162,109.06,33.56,0.0,,941026B
GRB 941031B,1994-10-31,39.66,-57.29,3267.0,1994-10-31 04:42:28.914,39.66,-57.29,0.0,,941031C
GRB 941031C,1994-10-31,217.26999999999995,-24.16,3269.0,1994-10-31 11:21:58.641,217.27,-24.16,0.0,,941031
GRB 941109,1994-11-09,36.62,66.58999999999999,3276.0,1994-11-09 00:00:36.785,36.62,66.59,0.0,,941109
GRB 941110A,1994-11-10,123.78999999999998,-38.14,3278.0,1994-11-10 04:44:24.626,123.79,-38.14,0.0,,941110B
GRB 941110B,1994-11-10,303.0799999999999,13.51,3279.0,1994-11-10 14:47:50.961,303.08,13.51,0.0,,941110
GRB 941111,1994-11-11,97.53999999999998,32.65,3280.0,1994-11-11 02:20:00.562,97.54,32.65,0.0,,941111
GRB 941114,1994-11-14,98.03999999999998,35.41,3283.0,1994-11-14 02:02:38.385,98.04,35.41,0.0,,941114
GRB 941115,1994-11-15,159.95999999999998,-27.89,3284.0,1994-11-15 06:22:50.289,159.96,-27.89,0.0,,941115
GRB 941119,1994-11-19,182.5,21.98,3287.0,1994-11-19 19:30:50.162,182.5,21.98,0.0,,941119
GRB 941121B,1994-11-21,35.45,-66.36999999999999,3290.0,1994-11-21 17:24:57.970,35.45,-66.37,0.0,,941121
GRB 941122B,1994-11-22,158.57999999999996,32.330000000000005,3292.0,1994-11-22 20:32:55.474,158.58,32.33,0.0,,941122
GRB 941126E,1994-11-26,114.16999999999996,-32.580000000000005,3301.0,1994-11-26 19:56:38.193,114.17,-32.58,0.0,,941126B
GRB 941128B,1994-11-28,19.57,-33.95,3306.0,1994-11-28 18:41:26.706,19.57,-33.95,0.0,,941128
GRB 941202,1994-12-02,282.98,24.37,3307.0,1994-12-02 03:32:16.689,282.98,24.37,0.0,,941202
GRB 941214,1994-12-14,220.0,-54.77,3319.0,1994-12-14 14:08:40.881,220.0,-54.77,0.0,,941214
GRB 941215A,1994-12-15,134.57999999999998,23.4,3320.0,1994-12-15 00:26:10.481,134.58,23.4,0.0,,941215
GRB 941215B,1994-12-15,157.75,-18.08,3321.0,1994-12-15 08:08:50.610,157.75,-18.08,0.0,,941215B
GRB 941217,1994-12-17,130.16999999999996,-80.36999999999999,3322.0,1994-12-17 04:01:31.313,130.17,-80.37,0.0,,941217
GRB 941222,1994-12-22,28.23,-39.16,3324.0,1994-12-22 07:32:26.929,28.23,-39.16,0.0,,941222
GRB 941228,1994-12-28,353.7799999999999,-49.23,3330.0,1994-12-28 07:39:41.233,353.78,-49.23,0.0,,941228
GRB 941230B,1994-12-30,172.71999999999997,-36.11,3336.0,1994-12-30 20:53:14.033,172.72,-36.11,0.0,,941230
GRB 950102A,1995-01-02,39.06999999999999,-34.94,3339.0,1995-01-02 02:45:26.577,39.07,-34.94,0.0,,950102B
GRB 950104,1995-01-04,303.25999999999993,-15.63,3345.0,1995-01-04 07:18:39.025,303.26,-15.63,0.0,,950104
GRB 950105,1995-01-05,23.31,-62.86,3347.0,1995-01-05 05:28:53.169,23.31,-62.86,0.0,,950105
GRB 950110,1995-01-10,238.66,-34.730000000000004,3350.0,1995-01-10 18:48:09.649,238.66,-34.73,0.0,,950110
GRB 950111A,1995-01-11,336.2399999999999,-64.78,3351.0,1995-01-11 04:47:43.282,336.24,-64.78,0.0,,950111
GRB 950111B,1995-01-11,19.57,-10.22,3352.0,1995-01-11 12:18:30.194,19.57,-10.22,0.0,,950111B
GRB 950114A,1995-01-14,313.91,-24.15,3356.0,1995-01-14 01:00:42.289,313.91,-24.15,0.0,,950114
GRB 950115A,1995-01-15,38.94,14.62,3358.0,1995-01-15 06:53:11.474,38.94,14.62,0.0,,950115
GRB 950118A,1995-01-18,102.96999999999998,58.3,3364.0,1995-01-18 12:23:09.745,102.97,58.3,0.0,,950118
GRB 950119,1995-01-19,340.31,-0.7,3369.0,1995-01-19 22:18:47.345,340.31,-0.7,0.0,,950119
GRB 950120,1995-01-20,197.38,36.46,3370.0,1995-01-20 10:49:50.514,197.38,36.46,0.0,,950120
GRB 950129A,1995-01-29,254.61999999999992,5.34,3378.0,1995-01-29 18:15:58.897,254.62,5.34,0.0,,950129
GRB 950206A,1995-02-06,69.58999999999999,-14.45,3403.0,1995-02-06 10:43:48.017,69.59,-14.45,0.0,,950206B
GRB 950206B,1995-02-06,241.65,-49.69,3405.0,1995-02-06 19:45:41.809,241.65,-49.69,0.0,,950206
GRB 950207B,1995-02-07,37.48,26.14,3407.0,1995-02-07 07:23:45.969,37.48,26.14,0.0,,950207
GRB 950208,1995-02-08,336.9599999999999,54.19,3408.0,1995-02-08 02:10:24.049,336.96,54.19,0.0,,950208
GRB 950211B,1995-02-11,64.35,-55.02,3415.0,1995-02-11 20:07:48.850,64.35,-55.02,0.0,,950211B
GRB 950211C,1995-02-11,256.81999999999994,47.28,3416.0,1995-02-11 23:26:25.458,256.82,47.28,0.0,,950211C
GRB 950221A,1995-02-21,294.31,-32.15,3436.0,1995-02-21 20:45:05.585,294.31,-32.15,0.0,,950221
GRB 950223,1995-02-23,325.55999999999995,-21.99,3439.0,1995-02-23 02:23:08.721,325.56,-21.99,0.0,,950223
GRB 950301,1995-03-01,307.9599999999999,12.92,3448.0,1995-03-01 21:02:41.329,307.96,12.92,0.0,,950301
GRB 950305,1995-03-05,197.2,-11.12,3458.0,1995-03-05 15:05:04.945,197.2,-11.12,0.0,,950305
GRB 950311,1995-03-11,349.31,22.69,3465.0,1995-03-11 11:12:10.930,349.31,22.69,0.0,,950311
GRB 950317A,1995-03-17,85.0,-12.96,3471.0,1995-03-17 05:15:58.001,85.0,-12.96,0.0,,950317C
GRB 950325A,1995-03-25,52.81,50.5,3480.0,1995-03-25 07:10:44.401,52.81,50.5,0.0,,950325B
GRB 950325B,1995-03-25,66.22,-11.56,3481.0,1995-03-25 17:36:31.921,66.22,-11.56,0.0,,950325
GRB 950327A,1995-03-27,54.12,38.01,3485.0,1995-03-27 07:19:07.186,54.12,38.01,0.0,,950327B
GRB 950327B,1995-03-27,274.40000000000003,20.46,3486.0,1995-03-27 23:47:51.601,274.4,20.46,0.0,,950327
GRB 950401A,1995-04-01,197.93,56.95,3488.0,1995-04-01 11:50:42.354,197.93,56.95,0.0,,950401
GRB 950401B,1995-04-01,86.05999999999999,43.75,3489.0,1995-04-01 20:43:54.417,86.06,43.75,0.0,,950401B
GRB 950403A,1995-04-03,36.38999999999999,10.71,3491.0,1995-04-03 13:19:47.377,36.39,10.71,0.0,,950403B
GRB 950405A,1995-04-05,13.739999999999998,57.5,3493.0,1995-04-05 04:14:17.777,13.74,57.5,0.0,,950405
GRB 950412,1995-04-12,317.3599999999999,2.65,3503.0,1995-04-12 00:48:04.274,317.36,2.65,0.0,,950412
GRB 950413,1995-04-13,261.26,64.36999999999999,3505.0,1995-04-13 15:03:18.193,261.26,64.37,0.0,,950413
GRB 950416A,1995-04-16,186.32,30.2,3509.0,1995-04-16 13:26:59.761,186.32,30.2,0.0,,950416
GRB 950417,1995-04-17,136.17,-73.28999999999999,3511.0,1995-04-17 12:06:41.073,136.17,-73.29,0.0,,950417
GRB 950418,1995-04-18,92.4,3.26,3512.0,1995-04-18 23:16:35.633,92.4,3.26,0.0,,950418
GRB 950419,1995-04-19,50.24,54.46,3514.0,1995-04-19 11:23:47.249,50.24,54.46,0.0,,950419
GRB 950420,1995-04-20,281.03,-46.47,3515.0,1995-04-20 15:13:58.961,281.03,-46.47,0.0,,950420
GRB 950421,1995-04-21,72.00999999999999,-63.06,3516.0,1995-04-21 12:29:49.553,72.01,-63.06,0.0,,950421
GRB 950425,1995-04-25,163.16,-35.25,3523.0,1995-04-25 00:15:19.218,163.16,-35.25,0.0,,950425
GRB 950430A,1995-04-30,57.33999999999999,29.02,3527.0,1995-04-30 15:03:49.426,57.34,29.02,0.0,,950430
GRB 950430B,1995-04-30,125.40999999999998,61.41,3528.0,1995-04-30 16:33:36.945,125.41,61.41,0.0,,950430B
GRB 950506,1995-05-06,335.79999999999995,84.33999999999999,3552.0,1995-05-06 23:25:12.753,335.8,84.34,0.0,,950506
GRB 950509B,1995-05-09,44.44,22.93,3567.0,1995-05-09 23:16:05.938,44.44,22.93,0.0,,950509
GRB 950510,1995-05-10,188.57,-65.48,3569.0,1995-05-10 07:47:59.793,188.57,-65.48,0.0,,950510
GRB 950521,1995-05-21,22.21,-26.860000000000003,3588.0,1995-05-21 06:59:17.298,22.21,-26.86,0.0,,950521
GRB 950522B,1995-05-22,109.55999999999996,19.28,3593.0,1995-05-22 23:41:23.185,109.56,19.28,0.0,,950522
GRB 950530,1995-05-30,115.39,-21.6,3608.0,1995-05-30 15:16:54.577,115.39,-21.6,0.0,,950530
GRB 950531,1995-05-31,274.71,17.790000000000003,3611.0,1995-05-31 10:39:45.329,274.71,17.79,0.0,,950531
GRB 950602,1995-06-02,41.45,-58.5,3618.0,1995-06-02 07:06:32.753,41.45,-58.5,0.0,,950602
GRB 950608,1995-06-08,57.56,-53.6,3634.0,1995-06-08 22:34:32.497,57.56,-53.6,0.0,,950608
GRB 950610,1995-06-10,100.1,-17.65,3637.0,1995-06-10 01:54:09.457,100.1,-17.65,0.0,,950610
GRB 950624B,1995-06-24,165.36999999999998,14.989999999999998,3648.0,1995-06-24 23:21:24.401,165.37,14.99,0.0,,950624
GRB 950625,1995-06-25,271.64,-21.15,3649.0,1995-06-25 04:03:21.393,271.64,-21.15,0.0,,950625
GRB 950629,1995-06-29,83.12999999999998,9.47,3654.0,1995-06-29 10:17:16.721,83.13,9.47,0.0,,950629
GRB 950630,1995-06-30,174.28,21.48,3655.0,1995-06-30 21:10:37.489,174.28,21.48,0.0,,950630
GRB 950701B,1995-07-01,346.27,37.74,3658.0,1995-07-01 06:35:37.457,346.27,37.74,0.0,,950701B
GRB 950706,1995-07-06,28.61,31.52,3662.0,1995-07-06 11:52:15.537,28.61,31.52,0.0,,950706
GRB 950711,1995-07-11,85.80999999999999,-24.01,3663.0,1995-07-11 03:49:49.106,85.81,-24.01,0.0,,950711
GRB 950713,1995-07-13,286.67,30.040000000000003,3664.0,1995-07-13 08:56:16.562,286.67,30.04,0.0,,950713
GRB 950718,1995-07-18,200.43,31.65,3671.0,1995-07-18 17:55:35.218,200.43,31.65,0.0,,950718
GRB 950730,1995-07-30,251.81,25.34,3717.0,1995-07-30 10:01:29.522,251.81,25.34,0.0,,950730
GRB 950803,1995-08-03,134.7,57.63,3733.0,1995-08-03 18:12:51.506,134.7,57.63,0.0,,950803
GRB 950806A,1995-08-06,272.74999999999994,-31.35,3740.0,1995-08-06 00:14:08.562,272.75,-31.35,0.0,,950806
GRB 950808,1995-08-08,149.7,80.36,3745.0,1995-08-08 03:36:14.770,149.7,80.36,0.0,,950808
GRB 950818,1995-08-18,278.65,33.87,3765.0,1995-08-18 01:23:22.930,278.65,33.87,0.0,,950818
GRB 950819,1995-08-19,339.48,-61.25,3766.0,1995-08-19 23:35:34.322,339.48,-61.25,0.0,,950819
GRB 950822B,1995-08-22,125.67,-17.240000000000002,3768.0,1995-08-22 09:19:28.434,125.67,-17.24,0.0,,950822B
GRB 950830B,1995-08-30,330.06999999999994,-64.67,3771.0,1995-08-30 10:26:29.682,330.07,-64.67,0.0,,950830B
GRB 950901B,1995-09-01,316.39,13.38,3773.0,1995-09-01 11:12:20.146,316.39,13.38,0.0,,950901
GRB 950904B,1995-09-04,258.86,47.48,3776.0,1995-09-04 14:38:08.562,258.86,47.48,0.0,,950904
GRB 950907,1995-09-07,302.11999999999995,49.46,3779.0,1995-09-07 04:34:06.898,302.12,49.46,0.0,,950907
GRB 950909,1995-09-09,216.36,-0.11,3788.0,1995-09-09 23:44:12.466,216.36,-0.11,0.0,,950909
GRB 950911D,1995-09-11,69.69999999999999,54.03,3792.0,1995-09-11 23:20:50.866,69.7,54.03,0.0,,950911D
GRB 950916A,1995-09-16,13.18,-0.06,3800.0,1995-09-16 09:51:06.930,13.18,-0.06,0.0,,950916B
GRB 950916B,1995-09-16,192.72,24.17,3801.0,1995-09-16 21:23:16.274,192.72,24.17,0.0,,950916
GRB 950918,1995-09-18,39.27,53.62,3805.0,1995-09-18 11:48:35.634,39.27,53.62,0.0,,950918
GRB 950919B,1995-09-19,347.29999999999995,37.97,3807.0,1995-09-19 23:38:55.474,347.3,37.97,0.0,,950919B
GRB 950921A,1995-09-21,158.07,47.01,3811.0,1995-09-21 05:49:07.122,158.07,47.01,0.0,,950921
GRB 950922A,1995-09-22,244.65,39.77,3814.0,1995-09-22 04:18:14.322,244.65,39.77,0.0,,950922B
GRB 950922B,1995-09-22,160.79,37.21,3815.0,1995-09-22 07:12:10.674,160.79,37.21,0.0,,950922
GRB 950926,1995-09-26,167.64999999999998,46.69,3819.0,1995-09-26 17:45:19.282,167.65,46.69,0.0,,950926
GRB 951001,1995-10-01,214.04,50.73,3840.0,1995-10-01 22:14:05.234,214.04,50.73,0.0,,951001
GRB 951002,1995-10-02,46.05,-1.88,3843.0,1995-10-02 21:33:06.098,46.05,-1.88,0.0,,951002
GRB 951007,1995-10-07,204.22,8.66,3853.0,1995-10-07 01:16:08.754,204.22,8.66,0.0,,951007
GRB 951011,1995-10-11,40.86,-57.580000000000005,3860.0,1995-10-11 21:34:39.282,40.86,-57.58,0.0,,951011
GRB 951013,1995-10-13,252.67999999999995,48.61,3864.0,1995-10-13 23:18:09.330,252.68,48.61,0.0,,951013
GRB 951014A,1995-10-14,167.84999999999997,-20.64,3866.0,1995-10-14 12:06:04.210,167.85,-20.64,0.0,,951014B
GRB 951015B,1995-10-15,2.991666666666666,-12.3,3869.0,1995-10-15 16:27:39.314,2.99,-12.3,0.002,,951015
GRB 951016A,1995-10-16,35.81999999999999,-24.360000000000003,3870.0,1995-10-16 00:41:21.394,35.82,-24.36,0.0,,951016
GRB 951016B,1995-10-16,118.99,-49.09,3871.0,1995-10-16 19:53:28.754,118.99,-49.09,0.0,,951016B
GRB 951019,1995-10-19,161.51000000000002,-87.81,3875.0,1995-10-19 13:24:04.722,161.51,-87.81,0.0,,951019
GRB 951020,1995-10-20,356.42999999999995,6.64,3879.0,1995-10-20 11:57:53.714,356.43,6.64,0.0,,951020
GRB 951030A,1995-10-30,115.39,28.66,3886.0,1995-10-30 05:26:37.554,115.39,28.66,0.0,,951030B
GRB 951102A,1995-11-02,337.48,-57.22,3890.0,1995-11-02 00:31:50.450,337.48,-57.22,0.0,,951102C
GRB 951102B,1995-11-02,138.56999999999996,46.99,3891.0,1995-11-02 05:52:55.986,138.57,46.99,0.0,,951102
GRB 951102C,1995-11-02,189.64,-35.230000000000004,3892.0,1995-11-02 07:58:16.498,189.64,-35.23,0.0,,951102B
GRB 951104A,1995-11-04,40.38999999999999,27.26,3893.0,1995-11-04 01:37:42.834,40.39,27.26,0.0,,951104
GRB 951107A,1995-11-07,179.99999999999997,-12.82,3899.0,1995-11-07 07:17:50.386,180.0,-12.82,0.0,,951107C
GRB 951107B,1995-11-07,11.989999999999998,29.34,3900.0,1995-11-07 17:32:37.682,11.99,29.34,0.0,,951107
GRB 951107C,1995-11-07,148.86999999999995,39.85,3901.0,1995-11-07 22:38:19.826,148.87,39.85,0.0,,951107B
GRB 951111,1995-11-11,31.41,69.55,3903.0,1995-11-11 21:32:48.434,31.41,69.55,0.0,,951111
GRB 951112B,1995-11-12,132.51999999999998,49.080000000000005,3905.0,1995-11-12 18:27:59.794,132.52,49.08,0.0,,951112
GRB 951113,1995-11-13,355.11,-44.76,3906.0,1995-11-13 23:25:55.762,355.11,-44.76,0.0,,951113
GRB 951116,1995-11-16,11.56,-27.25,3908.0,1995-11-16 08:29:47.762,11.56,-27.25,0.0,,951116
GRB 951117A,1995-11-17,285.79,37.05,3909.0,1995-11-17 02:48:38.066,285.79,37.05,0.0,,951117
GRB 951119B,1995-11-19,306.46,-40.71,3912.0,1995-11-19 08:17:12.114,306.46,-40.71,0.0,,951119
GRB 951119C,1995-11-19,78.94999999999999,24.860000000000003,3913.0,1995-11-19 20:30:15.730,78.95,24.86,0.0,,951119B
GRB 951120A,1995-11-20,136.91,-33.19,3914.0,1995-11-20 03:24:10.802,136.91,-33.19,0.0,,951120B
GRB 951121,1995-11-21,206.54,-21.7,3916.0,1995-11-21 06:11:21.394,206.54,-21.7,0.0,,951121
GRB 951123,1995-11-23,53.74999999999999,24.5,3917.0,1995-11-23 18:10:05.618,53.75,24.5,0.0,,951123
GRB 951124A,1995-11-24,73.32,51.68,3918.0,1995-11-24 05:54:18.930,73.32,51.68,0.0,,951124
GRB 951127,1995-11-27,189.92,44.59,3924.0,1995-11-27 12:14:39.538,189.92,44.59,0.0,,951127
GRB 951128A,1995-11-28,250.64,50.31,3926.0,1995-11-28 10:26:40.946,250.64,50.31,0.0,,951128
GRB 951202,1995-12-02,328.06,-35.76,3929.0,1995-12-02 10:51:40.082,328.06,-35.76,0.0,,951202
GRB 951203,1995-12-03,279.84,-19.25,3930.0,1995-12-03 01:06:27.634,279.84,-19.25,0.0,,951203
GRB 951207,1995-12-07,189.67,1.15,3935.0,1995-12-07 13:28:10.162,189.67,1.15,0.0,,951207
GRB 951211B,1995-12-11,58.66,13.73,3941.0,1995-12-11 13:38:19.442,58.66,13.73,0.0,,951211B
GRB 951213,1995-12-13,283.98,-6.819999999999999,3954.0,1995-12-13 04:57:32.082,283.98,-6.82,0.0,,951213
GRB 951219,1995-12-19,240.79,60.51,4039.0,1995-12-19 16:51:19.730,240.79,60.51,0.0,,951219
GRB 951220,1995-12-20,104.53,23.2,4048.0,1995-12-20 08:51:21.906,104.53,23.2,0.0,,951220
GRB 951224,1995-12-24,226.35,-35.87,4095.0,1995-12-24 01:54:01.010,226.35,-35.87,0.0,,951224
GRB 951227,1995-12-27,68.60999999999999,1.59,4146.0,1995-12-27 22:00:00.946,68.61,1.59,0.0,,951227
GRB 951228,1995-12-28,93.13,28.22,4157.0,1995-12-28 15:47:26.002,93.13,28.22,0.0,,951228
GRB 960102,1996-01-02,64.32,-60.97,4216.0,1996-01-02 20:20:54.602,64.32,-60.97,0.0,,960102
GRB 960111,1996-01-11,138.06999999999996,48.17,4312.0,1996-01-11 12:55:23.914,138.07,48.17,0.0,,960111
GRB 960113,1996-01-13,230.26999999999995,6.2,4350.0,1996-01-13 15:33:43.754,230.27,6.2,0.0,,960113
GRB 960114,1996-01-14,216.19,-29.73,4368.0,1996-01-14 12:15:04.778,216.19,-29.73,0.0,,960114
GRB 960115,1996-01-15,228.58,17.12,4388.0,1996-01-15 17:21:32.362,228.58,17.12,0.0,,960115
GRB 960124A,1996-01-24,51.03999999999999,54.05,4556.0,1996-01-24 00:56:25.994,51.04,54.05,0.0,,960124
GRB 960124B,1996-01-24,231.92,-4.23,4569.0,1996-01-24 21:08:13.898,231.92,-4.23,0.0,,960124B
GRB 960129B,1996-01-29,192.74,-21.17,4653.0,1996-01-29 15:24:20.554,192.74,-21.17,0.0,,960129
GRB 960201,1996-02-01,358.04999999999995,14.46,4701.0,1996-02-01 21:48:43.338,358.05,14.46,0.0,,960201
GRB 960202,1996-02-02,215.04,-64.63,4710.0,1996-02-02 14:05:51.434,215.04,-64.63,0.0,,960202
GRB 960205B,1996-02-05,110.11,-41.99,4745.0,1996-02-05 09:34:49.034,110.11,-41.99,0.0,,960205
GRB 960210,1996-02-10,232.29999999999995,77.01,4814.0,1996-02-10 09:46:37.642,232.3,77.01,0.0,,960210
GRB 960219,1996-02-19,256.11999999999995,19.610000000000003,4939.0,1996-02-19 19:52:20.426,256.12,19.61,0.0,,960219
GRB 960221,1996-02-21,47.76999999999999,-31.24,4959.0,1996-02-21 05:21:47.210,47.77,-31.24,0.0,,960221
GRB 960229B,1996-02-29,358.22,12.4,5080.0,1996-02-29 23:56:04.938,358.22,12.4,0.0,,960229
GRB 960316,1996-03-16,223.0,-70.17,5255.0,1996-03-16 18:34:44.298,223.0,-70.17,0.0,,960316
GRB 960322A,1996-03-22,96.98,-54.61,5304.0,1996-03-22 05:27:21.418,96.98,-54.61,0.0,,960322
GRB 960322B,1996-03-22,177.51999999999998,-29.57,5305.0,1996-03-22 12:29:23.530,177.52,-29.57,0.0,,960322B
GRB 960330,1996-03-30,26.11,-21.91,5379.0,1996-03-30 00:20:43.850,26.11,-21.91,0.0,,960330
GRB 960331A,1996-03-31,274.81,15.19,5387.0,1996-03-31 00:47:10.026,274.81,15.19,0.0,,960331B
GRB 960331B,1996-03-31,111.86,-20.39,5389.0,1996-03-31 05:53:26.986,111.86,-20.39,0.0,,960331
GRB 960403A,1996-04-03,211.58,18.9,5407.0,1996-04-03 08:37:02.794,211.58,18.9,0.0,,960403B
GRB 960403B,1996-04-03,106.97999999999998,19.81,5409.0,1996-04-03 17:38:25.098,106.98,19.81,0.0,,960403
GRB 960405A,1996-04-05,69.67999999999998,26.790000000000003,5411.0,1996-04-05 16:31:40.234,69.68,26.79,0.0,,960405B
GRB 960405B,1996-04-05,332.04999999999995,-14.22,5412.0,1996-04-05 18:42:03.594,332.05,-14.22,0.0,,960405
GRB 960409A,1996-04-09,224.62,67.28,5415.0,1996-04-09 12:16:06.090,224.62,67.28,0.0,,960409C
GRB 960409C,1996-04-09,42.54,41.92,5417.0,1996-04-09 21:25:44.970,42.54,41.92,0.0,,960409
GRB 960411B,1996-04-11,147.86,-5.74,5419.0,1996-04-11 05:52:48.842,147.86,-5.74,0.0,,960411
GRB 960412,1996-04-12,265.80999999999995,-1.19,5420.0,1996-04-12 21:55:01.962,265.81,-1.19,0.0,,960412
GRB 960414,1996-04-14,351.0399999999999,-45.14,5421.0,1996-04-14 03:37:45.930,351.04,-45.14,0.0,,960414
GRB 960415A,1996-04-15,159.09999999999997,-56.81,5423.0,1996-04-15 04:51:43.946,159.1,-56.81,0.0,,960415C
GRB 960416,1996-04-16,66.85,73.6,5428.0,1996-04-16 04:08:59.850,66.85,73.6,0.0,,960416
GRB 960417A,1996-04-17,50.18,-4.27,5429.0,1996-04-17 03:03:23.722,50.18,-4.27,0.0,,960417
GRB 960418A,1996-04-18,170.5,0.4194444444444444,5433.0,1996-04-18 01:41:44.522,170.5,0.42,0.001,,960418B
GRB 960418B,1996-04-18,91.12,7.91,5434.0,1996-04-18 04:13:50.666,91.12,7.91,0.0,,960418C
GRB 960420,1996-04-20,234.25,-27.23,5439.0,1996-04-20 04:40:44.362,234.25,-27.23,0.0,,960420
GRB 960425B,1996-04-25,9.791666666666666,56.51,5447.0,1996-04-25 23:59:50.986,9.8,56.51,0.005,,960425B
GRB 960428,1996-04-28,304.2399999999999,35.13,5450.0,1996-04-28 13:12:32.202,304.24,35.13,0.0,,960428
GRB 960430,1996-04-30,11.799999999999995,-51.49,5451.0,1996-04-30 13:51:26.922,11.8,-51.49,0.0,,960430
GRB 960508A,1996-05-08,141.96999999999997,-45.44,5454.0,1996-05-08 13:30:08.906,141.97,-45.44,0.0,,960508
GRB 960508B,1996-05-08,258.31999999999994,-77.61999999999999,5456.0,1996-05-08 19:00:05.450,258.32,-77.62,0.0,,960508B
GRB 960516B,1996-05-16,208.76,61.88,5463.0,1996-05-16 18:37:19.434,208.76,61.88,0.0,,960516B
GRB 960516C,1996-05-16,62.28,-18.07,5464.0,1996-05-16 23:24:08.266,62.28,-18.07,0.0,,960516
GRB 960518,1996-05-18,130.61999999999995,1.14,5465.0,1996-05-18 12:43:04.778,130.62,1.14,0.0,,960518
GRB 960521A,1996-05-21,303.24999999999994,55.77,5466.0,1996-05-21 08:05:46.826,303.25,55.77,0.0,,960521
GRB 960521B,1996-05-21,251.54999999999995,41.07,5467.0,1996-05-21 09:23:26.730,251.55,41.07,0.0,,960521B
GRB 960523B,1996-05-23,46.74999999999999,-63.32,5470.0,1996-05-23 16:32:01.802,46.75,-63.32,0.0,,960523
GRB 960524B,1996-05-24,160.82,2.6,5472.0,1996-05-24 09:05:26.730,160.82,2.6,0.0,,960524B
GRB 960524C,1996-05-24,358.52,-24.77,5473.0,1996-05-24 20:09:09.066,358.52,-24.77,0.0,,960524
GRB 960525,1996-05-25,139.07,53.77,5474.0,1996-05-25 23:32:30.026,139.07,53.77,0.0,,960525
GRB 960527,1996-05-27,186.07,1.08,5475.0,1996-05-27 15:48:42.314,186.07,1.08,0.0,,960527
GRB 960528,1996-05-28,291.86,22.03,5476.0,1996-05-28 02:14:22.666,291.86,22.03,0.0,,960528
GRB 960529,1996-05-29,14.4,48.89,5477.0,1996-05-29 12:07:45.098,14.4,48.89,0.0,,960529
GRB 960530,1996-05-30,143.41,-53.79,5478.0,1996-05-30 17:18:19.082,143.41,-53.79,0.0,,960530
GRB 960531A,1996-05-31,34.209999999999994,-28.5,5479.0,1996-05-31 01:54:35.594,34.21,-28.5,0.0,,960531
GRB 960531B,1996-05-31,179.99999999999997,80.77,5480.0,1996-05-31 08:56:41.418,180.0,80.77,0.0,,960531B
GRB 960601A,1996-06-01,208.81,-56.48,5482.0,1996-06-01 04:45:49.642,208.81,-56.48,0.0,,960601B
GRB 960601B,1996-06-01,5.570833333333333,64.8,5483.0,1996-06-01 18:12:56.010,5.57,64.8,0.0,,960601
GRB 960602,1996-06-02,272.72,-35.19,5484.0,1996-06-02 03:59:43.050,272.72,-35.19,0.0,,960602
GRB 960604,1996-06-04,313.9,-26.93,5485.0,1996-06-04 20:27:48.298,313.9,-26.93,0.0,,960604
GRB 960605A,1996-06-05,154.26,-1.98,5486.0,1996-06-05 08:09:52.138,154.26,-1.98,0.0,,960605
GRB 960605B,1996-06-05,244.06,52.8,5487.0,1996-06-05 13:11:35.882,244.06,52.8,0.0,,960605B
GRB 960607B,1996-06-07,48.43,75.1,5489.0,1996-06-07 21:41:15.594,48.43,75.1,0.0,,960607
GRB 960608A,1996-06-08,255.95,-13.09,5490.0,1996-06-08 15:33:32.490,255.95,-13.09,0.0,,960608
GRB 960610,1996-06-10,328.23999999999995,-29.35,5492.0,1996-06-10 21:23:02.986,328.24,-29.35,0.0,,960610
GRB 960612,1996-06-12,22.25,6.34,5493.0,1996-06-12 05:42:32.394,22.25,6.34,0.0,,960612
GRB 960613A,1996-06-13,276.53,-66.46000000000001,5494.0,1996-06-13 00:03:44.970,276.53,-66.46,0.0,,960613B
GRB 960613B,1996-06-13,221.7,35.97,5495.0,1996-06-13 13:41:09.194,221.7,35.97,0.0,,960613
GRB 960615A,1996-06-15,110.93,51.13,5497.0,1996-06-15 02:06:28.042,110.93,51.13,0.0,,960615
GRB 960617A,1996-06-17,310.11,-44.72,5503.0,1996-06-17 03:38:58.634,310.11,-44.72,0.0,,960617
GRB 960617B,1996-06-17,161.14,-30.9,5504.0,1996-06-17 21:09:56.298,161.14,-30.9,0.0,,960617B
GRB 960620,1996-06-20,206.88,27.78,5507.0,1996-06-20 05:25:35.562,206.88,27.78,0.0,,960620
GRB 960621A,1996-06-21,357.19,10.86,5508.0,1996-06-21 02:20:12.426,357.19,10.86,0.0,,960621C
GRB 960621C,1996-06-21,290.5,25.34,5510.0,1996-06-21 06:34:45.834,290.5,25.34,0.0,,960621B
GRB 960623A,1996-06-23,180.78,7.59,5512.0,1996-06-23 01:18:48.522,180.78,7.59,0.0,,960623
GRB 960623B,1996-06-23,287.04,-45.580000000000005,5513.0,1996-06-23 03:20:38.858,287.04,-45.58,0.0,,960623D
GRB 960623D,1996-06-23,358.99999999999994,0.05,5515.0,1996-06-23 18:10:43.530,359.0,0.05,0.0,,960623B
GRB 960624B,1996-06-24,98.96,32.05,5517.0,1996-06-24 03:26:13.450,98.96,32.05,0.0,,960624
GRB 960625,1996-06-25,110.59,-8.209999999999999,5518.0,1996-06-25 04:42:26.890,110.59,-8.21,0.0,,960625
GRB 960628,1996-06-28,326.98,48.28,5523.0,1996-06-28 05:20:22.730,326.98,48.28,0.0,,960628
GRB 960702A,1996-07-02,108.65999999999998,19.43,5524.0,1996-07-02 00:59:09.898,108.66,19.43,0.0,,960702B
GRB 960703A,1996-07-03,4.620833333333333,-7.75,5526.0,1996-07-03 13:42:53.898,4.62,-7.75,0.001,,960703B
GRB 960707A,1996-07-07,320.94999999999993,82.51,5530.0,1996-07-07 10:16:40.266,320.95,82.51,0.0,,960707
GRB 960707B,1996-07-07,189.27,-1.78,5531.0,1996-07-07 12:24:53.450,189.27,-1.78,0.0,,960707C
GRB 960713B,1996-07-13,169.28999999999996,85.45,5538.0,1996-07-13 19:45:32.874,169.29,85.45,0.0,,960713
GRB 960715A,1996-07-15,3.4291666666666667,35.5,5539.0,1996-07-15 00:48:26.826,3.43,35.5,0.001,,960715
GRB 960715B,1996-07-15,81.75999999999999,48.84,5540.0,1996-07-15 07:33:13.034,81.76,48.84,0.0,,960715B
GRB 960715C,1996-07-15,312.98999999999995,51.86,5541.0,1996-07-15 11:19:14.890,312.99,51.86,0.0,,960715C
GRB 960716,1996-07-16,55.42,-10.53,5542.0,1996-07-16 02:14:09.098,55.42,-10.53,0.0,,960716
GRB 960720,1996-07-20,262.43,49.330000000000005,5545.0,1996-07-20 11:36:52.938,262.43,49.33,0.0,,960720
GRB 960722A,1996-07-22,228.82,10.489999999999998,5546.0,1996-07-22 00:27:01.194,228.82,10.49,0.0,,960722B
GRB 960722C,1996-07-22,29.64,31.67,5548.0,1996-07-22 07:05:06.506,29.64,31.67,0.0,,960722
GRB 960723,1996-07-23,94.98999999999998,43.25,5551.0,1996-07-23 04:46:01.930,94.99,43.25,0.0,,960723
GRB 960730A,1996-07-30,277.94,-56.54,5554.0,1996-07-30 19:35:08.234,277.94,-56.54,0.0,,960730
GRB 960730B,1996-07-30,150.01,25.41,5555.0,1996-07-30 20:33:18.026,150.01,25.41,0.0,,960730B
GRB 960802,1996-08-02,249.52,30.53,5559.0,1996-08-02 22:06:59.786,249.52,30.53,0.0,,960802
GRB 960804B,1996-08-04,218.67,68.2,5563.0,1996-08-04 23:28:55.754,218.67,68.2,0.0,,960804
GRB 960806A,1996-08-06,319.98,1.03,5565.0,1996-08-06 16:18:33.290,319.98,1.03,0.0,,960806B
GRB 960806B,1996-08-06,182.93,-2.19,5566.0,1996-08-06 22:28:29.770,182.93,-2.19,0.0,,960806
GRB 960807,1996-08-07,157.53,32.13,5567.0,1996-08-07 19:49:26.346,157.53,32.13,0.0,,960807
GRB 960808,1996-08-08,85.25,37.02,5568.0,1996-08-08 16:42:03.850,85.25,37.02,0.0,,960808
GRB 960810A,1996-08-10,185.29,-34.6,5569.0,1996-08-10 06:49:31.594,185.29,-34.6,0.0,,960810B
GRB 960812,1996-08-12,97.01999999999998,39.0,5571.0,1996-08-12 14:04:25.098,97.02,39.0,0.0,,960812
GRB 960813A,1996-08-13,89.82,14.91,5572.0,1996-08-13 05:46:09.994,89.82,14.91,0.0,,960813
GRB 960813B,1996-08-13,186.97,41.96,5573.0,1996-08-13 21:47:18.090,186.97,41.96,0.0,,960813B
GRB 960814,1996-08-14,192.49,-48.55,5574.0,1996-08-14 16:20:47.946,192.49,-48.55,0.0,,960814
GRB 960815,1996-08-15,265.33,-58.01,5575.0,1996-08-15 10:00:27.082,265.33,-58.01,0.0,,960815
GRB 960819,1996-08-19,87.1,50.77,5581.0,1996-08-19 20:36:22.346,87.1,50.77,0.0,,960819
GRB 960824,1996-08-24,351.2399999999999,65.67,5585.0,1996-08-24 01:41:50.922,351.24,65.67,0.0,,960824
