timestep,collapsed_fraction,collapse_x_start,collapse_x_end
0,0.544,0.2284569138276553,0.7715430861723446
1,0.432,0.28456913827655306,0.7154308617234468
2,0.364,0.3186372745490982,0.6813627254509017
3,0.324,0.3386773547094188,0.6613226452905812
4,0.3,0.3507014028056112,0.6492985971943888
5,0.288,0.3567134268537074,0.6432865731462926
6,0.288,0.3547094188376753,0.6452905811623246
7,0.28,0.3607214428857715,0.6392785571142284
8,0.284,0.35871743486973945,0.6412825651302605
9,0.284,0.3567134268537074,0.6432865731462926
10,0.284,0.35871743486973945,0.6412825651302605
11,0.276,0.3627254509018036,0.6372745490981964
12,0.28,0.3607214428857715,0.6392785571142284
13,0.284,0.35871743486973945,0.6412825651302605
14,0.288,0.3567134268537074,0.6432865731462926
15,0.292,0.3547094188376753,0.6452905811623246
16,0.296,0.35270541082164325,0.6472945891783567
17,0.3,0.3507014028056112,0.6492985971943888
18,0.304,0.3486973947895791,0.6513026052104208
19,0.308,0.34669338677354705,0.6533066132264529
20,0.312,0.344689378757515,0.655310621242485
21,0.316,0.3426853707414829,0.657314629258517
22,0.32,0.34068136272545085,0.6593186372745491
23,0.324,0.3386773547094188,0.6613226452905812
24,0.328,0.3366733466933867,0.6633266533066132
25,0.332,0.33466933867735466,0.6653306613226453
26,0.336,0.33266533066132264,0.6673346693386772
27,0.34,0.3306613226452906,0.6693386773547093
28,0.344,0.3286573146292585,0.6713426853707414
29,0.34,0.3306613226452906,0.6693386773547093
30,0.336,0.33266533066132264,0.6673346693386772
31,0.34,0.3306613226452906,0.6693386773547093
32,0.344,0.3286573146292585,0.6713426853707414
33,0.348,0.32665330661322645,0.6733466933867734
34,0.352,0.3246492985971944,0.6753507014028055
35,0.356,0.3226452905811623,0.6773547094188376
36,0.36,0.32064128256513025,0.6793587174348696
37,0.364,0.3186372745490982,0.6813627254509017
38,0.368,0.3166332665330661,0.6833667334669338
39,0.372,0.31462925851703405,0.6853707414829658
40,0.376,0.312625250501002,0.6873747494989979
41,0.38,0.3106212424849699,0.68937875751503
42,0.38,0.30861723446893785,0.691382765531062
43,0.38,0.3106212424849699,0.68937875751503
44,0.376,0.312625250501002,0.6873747494989979
45,0.372,0.31462925851703405,0.6853707414829658
46,0.376,0.312625250501002,0.6873747494989979
47,0.38,0.3106212424849699,0.68937875751503
48,0.384,0.30861723446893785,0.691382765531062
49,0.388,0.3066132264529058,0.6933867735470941
50,0.392,0.3046092184368737,0.6953907815631262
51,0.396,0.30260521042084165,0.6973947895791582
52,0.4,0.3006012024048096,0.6993987975951903
53,0.404,0.2985971943887775,0.7014028056112224
54,0.408,0.29659318637274545,0.7034068136272544
55,0.412,0.2945891783567134,0.7054108216432865
56,0.416,0.2925851703406813,0.7074148296593186
57,0.42,0.29058116232464926,0.7094188376753506
58,0.424,0.2885771543086172,0.7114228456913827
59,0.428,0.2865731462925851,0.7134268537074148
60,0.432,0.28456913827655306,0.7154308617234468
61,0.436,0.282565130260521,0.7174348697394789
62,0.44,0.280561122244489,0.719438877755511
63,0.44,0.2785571142284569,0.721442885771543
64,0.432,0.28456913827655306,0.7154308617234468
65,0.436,0.282565130260521,0.7174348697394789
66,0.44,0.280561122244489,0.719438877755511
67,0.444,0.2785571142284569,0.721442885771543
68,0.448,0.27655310621242485,0.7234468937875751
69,0.452,0.2745490981963928,0.7254509018036072
70,0.456,0.2725450901803607,0.7274549098196392
71,0.46,0.27054108216432865,0.7294589178356713
72,0.464,0.2685370741482966,0.7314629258517034
73,0.468,0.2665330661322645,0.7334669338677354
74,0.472,0.26452905811623245,0.7354709418837675
75,0.476,0.2625250501002004,0.7374749498997996
76,0.476,0.2605210420841683,0.7394789579158316
77,0.476,0.2625250501002004,0.7374749498997996
78,0.472,0.26452905811623245,0.7354709418837675
79,0.468,0.2665330661322645,0.7334669338677354
80,0.472,0.26452905811623245,0.7354709418837675
81,0.476,0.2625250501002004,0.7374749498997996
82,0.48,0.2605210420841683,0.7394789579158316
83,0.484,0.25851703406813625,0.7414829659318637
84,0.488,0.2565130260521042,0.7434869739478958
85,0.492,0.2545090180360721,0.7454909819639278
86,0.496,0.25250501002004005,0.7474949899799599
87,0.5,0.250501002004008,0.749498997995992
88,0.504,0.24849699398797592,0.751503006012024
89,0.508,0.24649298597194386,0.7535070140280561
90,0.512,0.2444889779559118,0.7555110220440882
91,0.516,0.24248496993987975,0.7575150300601202
92,0.52,0.24048096192384769,0.7595190380761523
93,0.524,0.23847695390781562,0.7615230460921844
94,0.528,0.23647294589178355,0.7635270541082164
95,0.532,0.2344689378757515,0.7655310621242485
96,0.536,0.23246492985971942,0.7675350701402806
97,0.532,0.2344689378757515,0.7655310621242485
98,0.528,0.23647294589178355,0.7635270541082164
99,0.532,0.2344689378757515,0.7655310621242485
100,0.536,0.23246492985971942,0.7675350701402806
101,0.54,0.23046092184368736,0.7695390781563125
102,0.544,0.2284569138276553,0.7715430861723446
103,0.548,0.22645290581162322,0.7735470941883766
104,0.552,0.22444889779559116,0.7755511022044087
105,0.556,0.2224448897795591,0.7775551102204408
106,0.56,0.22044088176352702,0.7795591182364728
107,0.564,0.21843687374749496,0.7815631262525049
108,0.568,0.21643286573146292,0.783567134268537
109,0.572,0.21442885771543085,0.785571142284569
110,0.572,0.2124248496993988,0.7875751503006011
111,0.572,0.21442885771543085,0.785571142284569
112,0.568,0.21643286573146292,0.783567134268537
113,0.564,0.21843687374749496,0.7815631262525049
114,0.568,0.21643286573146292,0.783567134268537
115,0.572,0.21442885771543085,0.785571142284569
116,0.576,0.2124248496993988,0.7875751503006011
117,0.58,0.21042084168336672,0.7895791583166332
118,0.584,0.20841683366733466,0.7915831663326652
119,0.588,0.2064128256513026,0.7935871743486973
120,0.592,0.20440881763527052,0.7955911823647294
121,0.596,0.20240480961923846,0.7975951903807614
122,0.6,0.2004008016032064,0.7995991983967935
123,0.604,0.19839679358717432,0.8016032064128256
124,0.608,0.19639278557114226,0.8036072144288576
125,0.612,0.1943887775551102,0.8056112224448897
126,0.616,0.19238476953907813,0.8076152304609218
127,0.62,0.1903807615230461,0.8096192384769538
128,0.624,0.18837675350701402,0.8116232464929859
129,0.628,0.18637274549098196,0.813627254509018
130,0.632,0.1843687374749499,0.81563126252505
131,0.628,0.18637274549098196,0.813627254509018
132,0.624,0.18837675350701402,0.8116232464929859
133,0.628,0.18637274549098196,0.813627254509018
134,0.632,0.1843687374749499,0.81563126252505
135,0.636,0.18236472945891782,0.8176352705410821
136,0.64,0.18036072144288576,0.8196392785571142
137,0.644,0.1783567134268537,0.8216432865731462
138,0.648,0.17635270541082163,0.8236472945891783
139,0.652,0.17434869739478956,0.8256513026052104
140,0.656,0.1723446893787575,0.8276553106212424
141,0.66,0.17034068136272543,0.8296593186372745
142,0.664,0.16833667334669336,0.8316633266533066
143,0.668,0.16633266533066132,0.8336673346693386
144,0.668,0.16432865731462926,0.8356713426853707
145,0.668,0.16633266533066132,0.8336673346693386
146,0.664,0.16833667334669336,0.8316633266533066
147,0.66,0.17034068136272543,0.8296593186372745
148,0.664,0.16833667334669336,0.8316633266533066
149,0.668,0.16633266533066132,0.8336673346693386
150,0.672,0.16432865731462926,0.8356713426853707
151,0.676,0.1623246492985972,0.8376753507014028
152,0.68,0.16032064128256512,0.8396793587174348
153,0.684,0.15831663326653306,0.8416833667334669
154,0.688,0.156312625250501,0.843687374749499
155,0.692,0.15430861723446893,0.845691382765531
156,0.696,0.15230460921843686,0.8476953907815631
157,0.7,0.1503006012024048,0.8496993987975952
158,0.704,0.14829659318637273,0.8517034068136272
159,0.708,0.14629258517034066,0.8537074148296593
160,0.712,0.1442885771543086,0.8557114228456913
161,0.716,0.14228456913827653,0.8577154308617234
162,0.72,0.1402805611222445,0.8597194388777555
163,0.724,0.13827655310621242,0.8617234468937875
164,0.728,0.13627254509018036,0.8637274549098196
165,0.724,0.13827655310621242,0.8617234468937875
166,0.72,0.1402805611222445,0.8597194388777555
167,0.724,0.13827655310621242,0.8617234468937875
168,0.728,0.13627254509018036,0.8637274549098196
169,0.732,0.1342685370741483,0.8657314629258517
170,0.736,0.13226452905811623,0.8677354709418837
171,0.74,0.13026052104208416,0.8697394789579158
172,0.744,0.1282565130260521,0.8717434869739479
173,0.748,0.12625250501002003,0.8737474949899798
174,0.752,0.12424849699398796,0.8757515030060119
175,0.756,0.1222444889779559,0.877755511022044
176,0.76,0.12024048096192384,0.879759519038076
177,0.764,0.11823647294589178,0.8817635270541081
178,0.764,0.11623246492985971,0.8837675350701402
179,0.764,0.11823647294589178,0.8817635270541081
180,0.76,0.12024048096192384,0.879759519038076
181,0.756,0.1222444889779559,0.877755511022044
182,0.76,0.12024048096192384,0.879759519038076
183,0.764,0.11823647294589178,0.8817635270541081
184,0.768,0.11623246492985971,0.8837675350701402
185,0.772,0.11422845691382764,0.8857715430861722
186,0.776,0.11222444889779558,0.8877755511022043
187,0.78,0.11022044088176351,0.8897795591182364
188,0.784,0.10821643286573146,0.8917835671342684
189,0.788,0.1062124248496994,0.8937875751503005
190,0.792,0.10420841683366733,0.8957915831663326
191,0.796,0.10220440881763526,0.8977955911823646
192,0.8,0.1002004008016032,0.8997995991983967
193,0.804,0.09819639278557113,0.9018036072144288
194,0.808,0.09619238476953906,0.9038076152304608
195,0.812,0.09418837675350701,0.9058116232464929
196,0.816,0.09218436873747494,0.907815631262525
197,0.82,0.09018036072144288,0.909819639278557
198,0.824,0.08817635270541081,0.9118236472945891
199,0.82,0.09018036072144288,0.909819639278557
200,0.816,0.09218436873747494,0.907815631262525
201,0.82,0.09018036072144288,0.909819639278557
202,0.824,0.08817635270541081,0.9118236472945891
203,0.828,0.08617234468937875,0.9138276553106212
204,0.832,0.08416833667334668,0.9158316633266532
205,0.836,0.08216432865731463,0.9178356713426853
206,0.84,0.08016032064128256,0.9198396793587174
207,0.844,0.0781563126252505,0.9218436873747494
208,0.848,0.07615230460921843,0.9238476953907815
209,0.852,0.07414829659318636,0.9258517034068136
210,0.856,0.0721442885771543,0.9278557114228456
211,0.86,0.07014028056112225,0.9298597194388777
212,0.86,0.06813627254509018,0.9318637274549098
213,0.86,0.07014028056112225,0.9298597194388777
214,0.856,0.0721442885771543,0.9278557114228456
215,0.852,0.07414829659318636,0.9258517034068136
216,0.856,0.0721442885771543,0.9278557114228456
217,0.86,0.07014028056112225,0.9298597194388777
218,0.864,0.06813627254509018,0.9318637274549098
219,0.868,0.06613226452905811,0.9338677354709418
220,0.872,0.06412825651302605,0.9358717434869739
221,0.876,0.06212424849699398,0.937875751503006
222,0.88,0.06012024048096192,0.939879759519038
223,0.884,0.058116232464929855,0.9418837675350701
224,0.888,0.05611222444889779,0.9438877755511021
225,0.892,0.05410821643286573,0.9458917835671342
226,0.896,0.052104208416833664,0.9478957915831663
227,0.9,0.0501002004008016,0.9498997995991983
228,0.904,0.04809619238476953,0.9519038076152304
229,0.908,0.04609218436873747,0.9539078156312625
230,0.912,0.044088176352705406,0.9559118236472945
231,0.916,0.04208416833667334,0.9579158316633266
232,0.92,0.04008016032064128,0.9599198396793587
233,0.916,0.04208416833667334,0.9579158316633266
234,0.912,0.044088176352705406,0.9559118236472945
235,0.916,0.04208416833667334,0.9579158316633266
236,0.92,0.04008016032064128,0.9599198396793587
237,0.924,0.038076152304609215,0.9619238476953907
238,0.928,0.03607214428857715,0.9639278557114228
239,0.932,0.03406813627254509,0.9659318637274549
240,0.936,0.03206412825651302,0.9679358717434869
241,0.94,0.03006012024048096,0.969939879759519
242,0.944,0.028056112224448895,0.9719438877755511
243,0.948,0.026052104208416832,0.9739478957915831
244,0.952,0.024048096192384766,0.9759519038076151
245,0.956,0.022044088176352703,0.9779559118236472
246,0.956,0.02004008016032064,0.9799599198396792
247,0.956,0.022044088176352703,0.9779559118236472
248,0.952,0.024048096192384766,0.9759519038076151
249,0.948,0.026052104208416832,0.9739478957915831
250,0.952,0.024048096192384766,0.9759519038076151
251,0.956,0.022044088176352703,0.9779559118236472
252,0.96,0.02004008016032064,0.9799599198396792
253,0.964,0.018036072144288574,0.9819639278557113
254,0.968,0.01603206412825651,0.9839679358717434
255,0.972,0.014028056112224447,0.9859719438877754
256,0.976,0.012024048096192383,0.9879759519038075
257,0.98,0.01002004008016032,0.9899799599198396
258,0.984,0.008016032064128256,0.9919839679358716
259,0.988,0.0060120240480961915,0.9939879759519037
260,0.992,0.004008016032064128,0.9959919839679358
261,0.996,0.002004008016032064,0.9979959919839678
262,0.996,0.002004008016032064,0.9979959919839678
263,0.996,0.002004008016032064,0.9979959919839678
264,0.996,0.002004008016032064,0.9979959919839678
265,0.996,0.002004008016032064,0.9979959919839678
266,0.996,0.002004008016032064,0.9979959919839678
267,0.996,0.002004008016032064,0.9979959919839678
268,0.996,0.002004008016032064,0.9979959919839678
269,0.996,0.002004008016032064,0.9979959919839678
270,0.996,0.002004008016032064,0.9979959919839678
271,0.996,0.002004008016032064,0.9979959919839678
272,0.996,0.002004008016032064,0.9979959919839678
273,0.996,0.002004008016032064,0.9979959919839678
274,0.996,0.002004008016032064,0.9979959919839678
275,0.996,0.002004008016032064,0.9979959919839678
276,0.996,0.002004008016032064,0.9979959919839678
277,0.996,0.002004008016032064,0.9979959919839678
278,0.996,0.002004008016032064,0.9979959919839678
279,0.996,0.002004008016032064,0.9979959919839678
280,0.996,0.002004008016032064,0.9979959919839678
281,0.996,0.002004008016032064,0.9979959919839678
282,0.996,0.002004008016032064,0.9979959919839678
283,0.996,0.002004008016032064,0.9979959919839678
284,0.996,0.002004008016032064,0.9979959919839678
285,0.996,0.002004008016032064,0.9979959919839678
286,0.996,0.002004008016032064,0.9979959919839678
287,0.996,0.002004008016032064,0.9979959919839678
288,0.996,0.002004008016032064,0.9979959919839678
289,0.996,0.002004008016032064,0.9979959919839678
290,0.996,0.002004008016032064,0.9979959919839678
291,0.996,0.002004008016032064,0.9979959919839678
292,0.996,0.002004008016032064,0.9979959919839678
293,0.996,0.002004008016032064,0.9979959919839678
294,0.996,0.002004008016032064,0.9979959919839678
295,0.996,0.002004008016032064,0.9979959919839678
296,0.996,0.002004008016032064,0.9979959919839678
297,0.996,0.002004008016032064,0.9979959919839678
298,0.996,0.002004008016032064,0.9979959919839678
299,0.996,0.002004008016032064,0.9979959919839678
300,0.996,0.002004008016032064,0.9979959919839678
301,0.996,0.002004008016032064,0.9979959919839678
302,0.996,0.002004008016032064,0.9979959919839678
303,0.996,0.002004008016032064,0.9979959919839678
304,0.996,0.002004008016032064,0.9979959919839678
305,0.996,0.002004008016032064,0.9979959919839678
306,0.996,0.002004008016032064,0.9979959919839678
307,0.996,0.002004008016032064,0.9979959919839678
308,0.996,0.002004008016032064,0.9979959919839678
309,0.996,0.002004008016032064,0.9979959919839678
310,0.996,0.002004008016032064,0.9979959919839678
311,0.996,0.002004008016032064,0.9979959919839678
312,0.996,0.002004008016032064,0.9979959919839678
313,0.996,0.002004008016032064,0.9979959919839678
314,0.996,0.002004008016032064,0.9979959919839678
315,0.996,0.002004008016032064,0.9979959919839678
316,0.996,0.002004008016032064,0.9979959919839678
317,0.996,0.002004008016032064,0.9979959919839678
318,0.996,0.002004008016032064,0.9979959919839678
319,0.996,0.002004008016032064,0.9979959919839678
320,0.996,0.002004008016032064,0.9979959919839678
321,0.996,0.002004008016032064,0.9979959919839678
322,0.996,0.002004008016032064,0.9979959919839678
323,0.996,0.002004008016032064,0.9979959919839678
324,0.996,0.002004008016032064,0.9979959919839678
325,0.996,0.002004008016032064,0.9979959919839678
326,0.996,0.002004008016032064,0.9979959919839678
327,0.996,0.002004008016032064,0.9979959919839678
328,0.996,0.002004008016032064,0.9979959919839678
329,0.996,0.002004008016032064,0.9979959919839678
330,0.996,0.002004008016032064,0.9979959919839678
331,0.996,0.002004008016032064,0.9979959919839678
332,0.996,0.002004008016032064,0.9979959919839678
333,0.996,0.002004008016032064,0.9979959919839678
334,0.996,0.002004008016032064,0.9979959919839678
335,0.996,0.002004008016032064,0.9979959919839678
336,0.996,0.002004008016032064,0.9979959919839678
337,0.996,0.002004008016032064,0.9979959919839678
338,0.996,0.002004008016032064,0.9979959919839678
339,0.996,0.002004008016032064,0.9979959919839678
340,0.996,0.002004008016032064,0.9979959919839678
341,0.996,0.002004008016032064,0.9979959919839678
342,0.996,0.002004008016032064,0.9979959919839678
343,0.996,0.002004008016032064,0.9979959919839678
344,0.996,0.002004008016032064,0.9979959919839678
345,0.996,0.002004008016032064,0.9979959919839678
346,0.996,0.002004008016032064,0.9979959919839678
347,0.996,0.002004008016032064,0.9979959919839678
348,0.996,0.002004008016032064,0.9979959919839678
349,0.996,0.002004008016032064,0.9979959919839678
350,0.996,0.002004008016032064,0.9979959919839678
351,0.996,0.002004008016032064,0.9979959919839678
352,0.996,0.002004008016032064,0.9979959919839678
353,0.996,0.002004008016032064,0.9979959919839678
354,0.996,0.002004008016032064,0.9979959919839678
355,0.996,0.002004008016032064,0.9979959919839678
356,0.996,0.002004008016032064,0.9979959919839678
357,0.996,0.002004008016032064,0.9979959919839678
358,0.996,0.002004008016032064,0.9979959919839678
359,0.996,0.002004008016032064,0.9979959919839678
360,0.996,0.002004008016032064,0.9979959919839678
361,0.996,0.002004008016032064,0.9979959919839678
362,0.996,0.002004008016032064,0.9979959919839678
363,0.996,0.002004008016032064,0.9979959919839678
364,0.996,0.002004008016032064,0.9979959919839678
365,0.996,0.002004008016032064,0.9979959919839678
366,0.996,0.002004008016032064,0.9979959919839678
367,0.996,0.002004008016032064,0.9979959919839678
368,0.996,0.002004008016032064,0.9979959919839678
369,0.996,0.002004008016032064,0.9979959919839678
370,0.996,0.002004008016032064,0.9979959919839678
371,0.996,0.002004008016032064,0.9979959919839678
372,0.996,0.002004008016032064,0.9979959919839678
373,0.996,0.002004008016032064,0.9979959919839678
374,0.996,0.002004008016032064,0.9979959919839678
375,0.996,0.002004008016032064,0.9979959919839678
376,0.996,0.002004008016032064,0.9979959919839678
377,0.996,0.002004008016032064,0.9979959919839678
378,0.996,0.002004008016032064,0.9979959919839678
379,0.996,0.002004008016032064,0.9979959919839678
380,0.996,0.002004008016032064,0.9979959919839678
381,0.996,0.002004008016032064,0.9979959919839678
382,0.996,0.002004008016032064,0.9979959919839678
383,0.996,0.002004008016032064,0.9979959919839678
384,0.996,0.002004008016032064,0.9979959919839678
385,0.996,0.002004008016032064,0.9979959919839678
386,0.996,0.002004008016032064,0.9979959919839678
387,0.996,0.002004008016032064,0.9979959919839678
388,0.996,0.002004008016032064,0.9979959919839678
389,0.996,0.002004008016032064,0.9979959919839678
390,0.996,0.002004008016032064,0.9979959919839678
391,0.996,0.002004008016032064,0.9979959919839678
392,0.996,0.002004008016032064,0.9979959919839678
393,0.996,0.002004008016032064,0.9979959919839678
394,0.996,0.002004008016032064,0.9979959919839678
395,0.996,0.002004008016032064,0.9979959919839678
396,0.996,0.002004008016032064,0.9979959919839678
397,0.996,0.002004008016032064,0.9979959919839678
398,0.996,0.002004008016032064,0.9979959919839678
399,0.996,0.002004008016032064,0.9979959919839678
400,0.996,0.002004008016032064,0.9979959919839678
401,0.996,0.002004008016032064,0.9979959919839678
402,0.996,0.002004008016032064,0.9979959919839678
403,0.996,0.002004008016032064,0.9979959919839678
404,0.996,0.002004008016032064,0.9979959919839678
405,0.996,0.002004008016032064,0.9979959919839678
406,0.996,0.002004008016032064,0.9979959919839678
407,0.996,0.002004008016032064,0.9979959919839678
408,0.996,0.002004008016032064,0.9979959919839678
409,0.996,0.002004008016032064,0.9979959919839678
410,0.996,0.002004008016032064,0.9979959919839678
411,0.996,0.002004008016032064,0.9979959919839678
412,0.996,0.002004008016032064,0.9979959919839678
413,0.996,0.002004008016032064,0.9979959919839678
414,0.996,0.002004008016032064,0.9979959919839678
415,0.996,0.002004008016032064,0.9979959919839678
416,0.996,0.002004008016032064,0.9979959919839678
417,0.996,0.002004008016032064,0.9979959919839678
418,0.996,0.002004008016032064,0.9979959919839678
419,0.996,0.002004008016032064,0.9979959919839678
420,0.996,0.002004008016032064,0.9979959919839678
421,0.996,0.002004008016032064,0.9979959919839678
422,0.996,0.002004008016032064,0.9979959919839678
423,0.996,0.002004008016032064,0.9979959919839678
424,0.996,0.002004008016032064,0.9979959919839678
425,0.996,0.002004008016032064,0.9979959919839678
426,0.996,0.002004008016032064,0.9979959919839678
427,0.996,0.002004008016032064,0.9979959919839678
428,0.996,0.002004008016032064,0.9979959919839678
429,0.996,0.002004008016032064,0.9979959919839678
430,0.996,0.002004008016032064,0.9979959919839678
431,0.996,0.002004008016032064,0.9979959919839678
432,0.996,0.002004008016032064,0.9979959919839678
433,0.996,0.002004008016032064,0.9979959919839678
434,0.996,0.002004008016032064,0.9979959919839678
435,0.996,0.002004008016032064,0.9979959919839678
436,0.996,0.002004008016032064,0.9979959919839678
437,0.996,0.002004008016032064,0.9979959919839678
438,0.996,0.002004008016032064,0.9979959919839678
439,0.996,0.002004008016032064,0.9979959919839678
440,0.996,0.002004008016032064,0.9979959919839678
441,0.996,0.002004008016032064,0.9979959919839678
442,0.996,0.002004008016032064,0.9979959919839678
443,0.996,0.002004008016032064,0.9979959919839678
444,0.996,0.002004008016032064,0.9979959919839678
445,0.996,0.002004008016032064,0.9979959919839678
446,0.996,0.002004008016032064,0.9979959919839678
447,0.996,0.002004008016032064,0.9979959919839678
448,0.996,0.002004008016032064,0.9979959919839678
449,0.996,0.002004008016032064,0.9979959919839678
450,0.996,0.002004008016032064,0.9979959919839678
451,0.996,0.002004008016032064,0.9979959919839678
452,0.996,0.002004008016032064,0.9979959919839678
453,0.996,0.002004008016032064,0.9979959919839678
454,0.996,0.002004008016032064,0.9979959919839678
455,0.996,0.002004008016032064,0.9979959919839678
456,0.996,0.002004008016032064,0.9979959919839678
457,0.996,0.002004008016032064,0.9979959919839678
458,0.996,0.002004008016032064,0.9979959919839678
459,0.996,0.002004008016032064,0.9979959919839678
460,0.996,0.002004008016032064,0.9979959919839678
461,0.996,0.002004008016032064,0.9979959919839678
462,0.996,0.002004008016032064,0.9979959919839678
463,0.996,0.002004008016032064,0.9979959919839678
464,0.996,0.002004008016032064,0.9979959919839678
465,0.996,0.002004008016032064,0.9979959919839678
466,0.996,0.002004008016032064,0.9979959919839678
467,0.996,0.002004008016032064,0.9979959919839678
468,0.996,0.002004008016032064,0.9979959919839678
469,0.996,0.002004008016032064,0.9979959919839678
470,0.996,0.002004008016032064,0.9979959919839678
471,0.996,0.002004008016032064,0.9979959919839678
472,0.996,0.002004008016032064,0.9979959919839678
473,0.996,0.002004008016032064,0.9979959919839678
474,0.996,0.002004008016032064,0.9979959919839678
475,0.996,0.002004008016032064,0.9979959919839678
476,0.996,0.002004008016032064,0.9979959919839678
477,0.996,0.002004008016032064,0.9979959919839678
478,0.996,0.002004008016032064,0.9979959919839678
479,0.996,0.002004008016032064,0.9979959919839678
480,0.996,0.002004008016032064,0.9979959919839678
481,0.996,0.002004008016032064,0.9979959919839678
482,0.996,0.002004008016032064,0.9979959919839678
483,0.996,0.002004008016032064,0.9979959919839678
484,0.996,0.002004008016032064,0.9979959919839678
485,0.996,0.002004008016032064,0.9979959919839678
486,0.996,0.002004008016032064,0.9979959919839678
487,0.996,0.002004008016032064,0.9979959919839678
488,0.996,0.002004008016032064,0.9979959919839678
489,0.996,0.002004008016032064,0.9979959919839678
490,0.996,0.002004008016032064,0.9979959919839678
491,0.996,0.002004008016032064,0.9979959919839678
492,0.996,0.002004008016032064,0.9979959919839678
493,0.996,0.002004008016032064,0.9979959919839678
494,0.996,0.002004008016032064,0.9979959919839678
495,0.996,0.002004008016032064,0.9979959919839678
496,0.996,0.002004008016032064,0.9979959919839678
497,0.996,0.002004008016032064,0.9979959919839678
498,0.996,0.002004008016032064,0.9979959919839678
499,0.996,0.002004008016032064,0.9979959919839678
500,0.996,0.002004008016032064,0.9979959919839678
501,0.996,0.002004008016032064,0.9979959919839678
502,0.996,0.002004008016032064,0.9979959919839678
503,0.996,0.002004008016032064,0.9979959919839678
504,0.996,0.002004008016032064,0.9979959919839678
505,0.996,0.002004008016032064,0.9979959919839678
506,0.996,0.002004008016032064,0.9979959919839678
507,0.996,0.002004008016032064,0.9979959919839678
508,0.996,0.002004008016032064,0.9979959919839678
509,0.996,0.002004008016032064,0.9979959919839678
510,0.996,0.002004008016032064,0.9979959919839678
511,0.996,0.002004008016032064,0.9979959919839678
512,0.996,0.002004008016032064,0.9979959919839678
513,0.996,0.002004008016032064,0.9979959919839678
514,0.996,0.002004008016032064,0.9979959919839678
515,0.996,0.002004008016032064,0.9979959919839678
516,0.996,0.002004008016032064,0.9979959919839678
517,0.996,0.002004008016032064,0.9979959919839678
518,0.996,0.002004008016032064,0.9979959919839678
519,0.996,0.002004008016032064,0.9979959919839678
520,0.996,0.002004008016032064,0.9979959919839678
521,0.996,0.002004008016032064,0.9979959919839678
522,0.996,0.002004008016032064,0.9979959919839678
523,0.996,0.002004008016032064,0.9979959919839678
524,0.996,0.002004008016032064,0.9979959919839678
525,0.996,0.002004008016032064,0.9979959919839678
526,0.996,0.002004008016032064,0.9979959919839678
527,0.996,0.002004008016032064,0.9979959919839678
528,0.996,0.002004008016032064,0.9979959919839678
529,0.996,0.002004008016032064,0.9979959919839678
530,0.996,0.002004008016032064,0.9979959919839678
531,0.996,0.002004008016032064,0.9979959919839678
532,0.996,0.002004008016032064,0.9979959919839678
533,0.996,0.002004008016032064,0.9979959919839678
534,0.996,0.002004008016032064,0.9979959919839678
535,0.996,0.002004008016032064,0.9979959919839678
536,0.996,0.002004008016032064,0.9979959919839678
537,0.996,0.002004008016032064,0.9979959919839678
538,0.996,0.002004008016032064,0.9979959919839678
539,0.996,0.002004008016032064,0.9979959919839678
540,0.996,0.002004008016032064,0.9979959919839678
541,0.996,0.002004008016032064,0.9979959919839678
542,0.996,0.002004008016032064,0.9979959919839678
543,0.996,0.002004008016032064,0.9979959919839678
544,0.996,0.002004008016032064,0.9979959919839678
545,0.996,0.002004008016032064,0.9979959919839678
546,0.996,0.002004008016032064,0.9979959919839678
547,0.996,0.002004008016032064,0.9979959919839678
548,0.996,0.002004008016032064,0.9979959919839678
549,0.996,0.002004008016032064,0.9979959919839678
550,0.996,0.002004008016032064,0.9979959919839678
551,0.996,0.002004008016032064,0.9979959919839678
552,0.996,0.002004008016032064,0.9979959919839678
553,0.996,0.002004008016032064,0.9979959919839678
554,0.996,0.002004008016032064,0.9979959919839678
555,0.996,0.002004008016032064,0.9979959919839678
556,0.996,0.002004008016032064,0.9979959919839678
557,0.996,0.002004008016032064,0.9979959919839678
558,0.996,0.002004008016032064,0.9979959919839678
559,0.996,0.002004008016032064,0.9979959919839678
560,0.996,0.002004008016032064,0.9979959919839678
561,0.996,0.002004008016032064,0.9979959919839678
562,0.996,0.002004008016032064,0.9979959919839678
563,0.996,0.002004008016032064,0.9979959919839678
564,0.996,0.002004008016032064,0.9979959919839678
565,0.996,0.002004008016032064,0.9979959919839678
566,0.996,0.002004008016032064,0.9979959919839678
567,0.996,0.002004008016032064,0.9979959919839678
568,0.996,0.002004008016032064,0.9979959919839678
569,0.996,0.002004008016032064,0.9979959919839678
570,0.996,0.002004008016032064,0.9979959919839678
571,0.996,0.002004008016032064,0.9979959919839678
572,0.996,0.002004008016032064,0.9979959919839678
573,0.996,0.002004008016032064,0.9979959919839678
574,0.996,0.002004008016032064,0.9979959919839678
575,0.996,0.002004008016032064,0.9979959919839678
576,0.996,0.002004008016032064,0.9979959919839678
577,0.996,0.002004008016032064,0.9979959919839678
578,0.996,0.002004008016032064,0.9979959919839678
579,0.996,0.002004008016032064,0.9979959919839678
580,0.996,0.002004008016032064,0.9979959919839678
581,0.996,0.002004008016032064,0.9979959919839678
582,0.996,0.002004008016032064,0.9979959919839678
583,0.996,0.002004008016032064,0.9979959919839678
584,0.996,0.002004008016032064,0.9979959919839678
585,0.996,0.002004008016032064,0.9979959919839678
586,0.996,0.002004008016032064,0.9979959919839678
587,0.996,0.002004008016032064,0.9979959919839678
588,0.996,0.002004008016032064,0.9979959919839678
589,0.996,0.002004008016032064,0.9979959919839678
590,0.996,0.002004008016032064,0.9979959919839678
591,0.996,0.002004008016032064,0.9979959919839678
592,0.996,0.002004008016032064,0.9979959919839678
593,0.996,0.002004008016032064,0.9979959919839678
594,0.996,0.002004008016032064,0.9979959919839678
595,0.996,0.002004008016032064,0.9979959919839678
596,0.996,0.002004008016032064,0.9979959919839678
597,0.996,0.002004008016032064,0.9979959919839678
598,0.996,0.002004008016032064,0.9979959919839678
599,0.996,0.002004008016032064,0.9979959919839678
600,0.996,0.002004008016032064,0.9979959919839678
601,0.996,0.002004008016032064,0.9979959919839678
602,0.996,0.002004008016032064,0.9979959919839678
603,0.996,0.002004008016032064,0.9979959919839678
604,0.996,0.002004008016032064,0.9979959919839678
605,0.996,0.002004008016032064,0.9979959919839678
606,0.996,0.002004008016032064,0.9979959919839678
607,0.996,0.002004008016032064,0.9979959919839678
608,0.996,0.002004008016032064,0.9979959919839678
609,0.996,0.002004008016032064,0.9979959919839678
610,0.996,0.002004008016032064,0.9979959919839678
611,0.996,0.002004008016032064,0.9979959919839678
612,0.996,0.002004008016032064,0.9979959919839678
613,0.996,0.002004008016032064,0.9979959919839678
614,0.996,0.002004008016032064,0.9979959919839678
615,0.996,0.002004008016032064,0.9979959919839678
616,0.996,0.002004008016032064,0.9979959919839678
617,0.996,0.002004008016032064,0.9979959919839678
618,0.996,0.002004008016032064,0.9979959919839678
619,0.996,0.002004008016032064,0.9979959919839678
620,0.996,0.002004008016032064,0.9979959919839678
621,0.996,0.002004008016032064,0.9979959919839678
622,0.996,0.002004008016032064,0.9979959919839678
623,0.996,0.002004008016032064,0.9979959919839678
624,0.996,0.002004008016032064,0.9979959919839678
625,0.996,0.002004008016032064,0.9979959919839678
626,0.996,0.002004008016032064,0.9979959919839678
627,0.996,0.002004008016032064,0.9979959919839678
628,0.996,0.002004008016032064,0.9979959919839678
629,0.996,0.002004008016032064,0.9979959919839678
630,0.996,0.002004008016032064,0.9979959919839678
631,0.996,0.002004008016032064,0.9979959919839678
632,0.996,0.002004008016032064,0.9979959919839678
633,0.996,0.002004008016032064,0.9979959919839678
634,0.996,0.002004008016032064,0.9979959919839678
635,0.996,0.002004008016032064,0.9979959919839678
636,0.996,0.002004008016032064,0.9979959919839678
637,0.996,0.002004008016032064,0.9979959919839678
638,0.996,0.002004008016032064,0.9979959919839678
639,0.996,0.002004008016032064,0.9979959919839678
640,0.996,0.002004008016032064,0.9979959919839678
641,0.996,0.002004008016032064,0.9979959919839678
642,0.996,0.002004008016032064,0.9979959919839678
643,0.996,0.002004008016032064,0.9979959919839678
644,0.996,0.002004008016032064,0.9979959919839678
645,0.996,0.002004008016032064,0.9979959919839678
646,0.996,0.002004008016032064,0.9979959919839678
647,0.996,0.002004008016032064,0.9979959919839678
648,0.996,0.002004008016032064,0.9979959919839678
649,0.996,0.002004008016032064,0.9979959919839678
650,0.996,0.002004008016032064,0.9979959919839678
651,0.996,0.002004008016032064,0.9979959919839678
652,0.996,0.002004008016032064,0.9979959919839678
653,0.996,0.002004008016032064,0.9979959919839678
654,0.996,0.002004008016032064,0.9979959919839678
655,0.996,0.002004008016032064,0.9979959919839678
656,0.996,0.002004008016032064,0.9979959919839678
657,0.996,0.002004008016032064,0.9979959919839678
658,0.996,0.002004008016032064,0.9979959919839678
659,0.996,0.002004008016032064,0.9979959919839678
660,0.996,0.002004008016032064,0.9979959919839678
661,0.996,0.002004008016032064,0.9979959919839678
662,0.996,0.002004008016032064,0.9979959919839678
663,0.996,0.002004008016032064,0.9979959919839678
664,0.996,0.002004008016032064,0.9979959919839678
665,0.996,0.002004008016032064,0.9979959919839678
666,0.996,0.002004008016032064,0.9979959919839678
667,0.996,0.002004008016032064,0.9979959919839678
668,0.996,0.002004008016032064,0.9979959919839678
669,0.996,0.002004008016032064,0.9979959919839678
670,0.996,0.002004008016032064,0.9979959919839678
671,0.996,0.002004008016032064,0.9979959919839678
672,0.996,0.002004008016032064,0.9979959919839678
673,0.996,0.002004008016032064,0.9979959919839678
674,0.996,0.002004008016032064,0.9979959919839678
675,0.996,0.002004008016032064,0.9979959919839678
676,0.996,0.002004008016032064,0.9979959919839678
677,0.996,0.002004008016032064,0.9979959919839678
678,0.996,0.002004008016032064,0.9979959919839678
679,0.996,0.002004008016032064,0.9979959919839678
680,0.996,0.002004008016032064,0.9979959919839678
681,0.996,0.002004008016032064,0.9979959919839678
682,0.996,0.002004008016032064,0.9979959919839678
683,0.996,0.002004008016032064,0.9979959919839678
684,0.996,0.002004008016032064,0.9979959919839678
685,0.996,0.002004008016032064,0.9979959919839678
686,0.996,0.002004008016032064,0.9979959919839678
687,0.996,0.002004008016032064,0.9979959919839678
688,0.996,0.002004008016032064,0.9979959919839678
689,0.996,0.002004008016032064,0.9979959919839678
690,0.996,0.002004008016032064,0.9979959919839678
691,0.996,0.002004008016032064,0.9979959919839678
692,0.996,0.002004008016032064,0.9979959919839678
693,0.996,0.002004008016032064,0.9979959919839678
694,0.996,0.002004008016032064,0.9979959919839678
695,0.996,0.002004008016032064,0.9979959919839678
696,0.996,0.002004008016032064,0.9979959919839678
697,0.996,0.002004008016032064,0.9979959919839678
698,0.996,0.002004008016032064,0.9979959919839678
699,0.996,0.002004008016032064,0.9979959919839678
700,0.996,0.002004008016032064,0.9979959919839678
701,0.996,0.002004008016032064,0.9979959919839678
702,0.996,0.002004008016032064,0.9979959919839678
703,0.996,0.002004008016032064,0.9979959919839678
704,0.996,0.002004008016032064,0.9979959919839678
705,0.996,0.002004008016032064,0.9979959919839678
706,0.996,0.002004008016032064,0.9979959919839678
707,0.996,0.002004008016032064,0.9979959919839678
708,0.996,0.002004008016032064,0.9979959919839678
709,0.996,0.002004008016032064,0.9979959919839678
710,0.996,0.002004008016032064,0.9979959919839678
711,0.996,0.002004008016032064,0.9979959919839678
712,0.996,0.002004008016032064,0.9979959919839678
713,0.996,0.002004008016032064,0.9979959919839678
714,0.996,0.002004008016032064,0.9979959919839678
715,0.996,0.002004008016032064,0.9979959919839678
716,0.996,0.002004008016032064,0.9979959919839678
717,0.996,0.002004008016032064,0.9979959919839678
718,0.996,0.002004008016032064,0.9979959919839678
719,0.996,0.002004008016032064,0.9979959919839678
720,0.996,0.002004008016032064,0.9979959919839678
721,0.996,0.002004008016032064,0.9979959919839678
722,0.996,0.002004008016032064,0.9979959919839678
723,0.996,0.002004008016032064,0.9979959919839678
724,0.996,0.002004008016032064,0.9979959919839678
725,0.996,0.002004008016032064,0.9979959919839678
726,0.996,0.002004008016032064,0.9979959919839678
727,0.996,0.002004008016032064,0.9979959919839678
728,0.996,0.002004008016032064,0.9979959919839678
729,0.996,0.002004008016032064,0.9979959919839678
730,0.996,0.002004008016032064,0.9979959919839678
731,0.996,0.002004008016032064,0.9979959919839678
732,0.996,0.002004008016032064,0.9979959919839678
733,0.996,0.002004008016032064,0.9979959919839678
734,0.996,0.002004008016032064,0.9979959919839678
735,0.996,0.002004008016032064,0.9979959919839678
736,0.996,0.002004008016032064,0.9979959919839678
737,0.996,0.002004008016032064,0.9979959919839678
738,0.996,0.002004008016032064,0.9979959919839678
739,0.996,0.002004008016032064,0.9979959919839678
740,0.996,0.002004008016032064,0.9979959919839678
741,0.996,0.002004008016032064,0.9979959919839678
742,0.996,0.002004008016032064,0.9979959919839678
743,0.996,0.002004008016032064,0.9979959919839678
744,0.996,0.002004008016032064,0.9979959919839678
745,0.996,0.002004008016032064,0.9979959919839678
746,0.996,0.002004008016032064,0.9979959919839678
747,0.996,0.002004008016032064,0.9979959919839678
748,0.996,0.002004008016032064,0.9979959919839678
749,0.996,0.002004008016032064,0.9979959919839678
750,0.996,0.002004008016032064,0.9979959919839678
751,0.996,0.002004008016032064,0.9979959919839678
752,0.996,0.002004008016032064,0.9979959919839678
753,0.996,0.002004008016032064,0.9979959919839678
754,0.996,0.002004008016032064,0.9979959919839678
755,0.996,0.002004008016032064,0.9979959919839678
756,0.996,0.002004008016032064,0.9979959919839678
757,0.996,0.002004008016032064,0.9979959919839678
758,0.996,0.002004008016032064,0.9979959919839678
759,0.996,0.002004008016032064,0.9979959919839678
760,0.996,0.002004008016032064,0.9979959919839678
761,0.996,0.002004008016032064,0.9979959919839678
762,0.996,0.002004008016032064,0.9979959919839678
763,0.996,0.002004008016032064,0.9979959919839678
764,0.996,0.002004008016032064,0.9979959919839678
765,0.996,0.002004008016032064,0.9979959919839678
766,0.996,0.002004008016032064,0.9979959919839678
767,0.996,0.002004008016032064,0.9979959919839678
768,0.996,0.002004008016032064,0.9979959919839678
769,0.996,0.002004008016032064,0.9979959919839678
770,0.996,0.002004008016032064,0.9979959919839678
771,0.996,0.002004008016032064,0.9979959919839678
772,0.996,0.002004008016032064,0.9979959919839678
773,0.996,0.002004008016032064,0.9979959919839678
774,0.996,0.002004008016032064,0.9979959919839678
775,0.996,0.002004008016032064,0.9979959919839678
776,0.996,0.002004008016032064,0.9979959919839678
777,0.996,0.002004008016032064,0.9979959919839678
778,0.996,0.002004008016032064,0.9979959919839678
779,0.996,0.002004008016032064,0.9979959919839678
780,0.996,0.002004008016032064,0.9979959919839678
781,0.996,0.002004008016032064,0.9979959919839678
782,0.996,0.002004008016032064,0.9979959919839678
783,0.996,0.002004008016032064,0.9979959919839678
784,0.996,0.002004008016032064,0.9979959919839678
785,0.996,0.002004008016032064,0.9979959919839678
786,0.996,0.002004008016032064,0.9979959919839678
787,0.996,0.002004008016032064,0.9979959919839678
788,0.996,0.002004008016032064,0.9979959919839678
789,0.996,0.002004008016032064,0.9979959919839678
790,0.996,0.002004008016032064,0.9979959919839678
791,0.996,0.002004008016032064,0.9979959919839678
792,0.996,0.002004008016032064,0.9979959919839678
793,0.996,0.002004008016032064,0.9979959919839678
794,0.996,0.002004008016032064,0.9979959919839678
795,0.996,0.002004008016032064,0.9979959919839678
796,0.996,0.002004008016032064,0.9979959919839678
797,0.996,0.002004008016032064,0.9979959919839678
798,0.996,0.002004008016032064,0.9979959919839678
799,0.996,0.002004008016032064,0.9979959919839678
800,0.996,0.002004008016032064,0.9979959919839678
801,0.996,0.002004008016032064,0.9979959919839678
802,0.996,0.002004008016032064,0.9979959919839678
803,0.996,0.002004008016032064,0.9979959919839678
804,0.996,0.002004008016032064,0.9979959919839678
805,0.996,0.002004008016032064,0.9979959919839678
806,0.996,0.002004008016032064,0.9979959919839678
807,0.996,0.002004008016032064,0.9979959919839678
808,0.996,0.002004008016032064,0.9979959919839678
809,0.996,0.002004008016032064,0.9979959919839678
810,0.996,0.002004008016032064,0.9979959919839678
811,0.996,0.002004008016032064,0.9979959919839678
812,0.996,0.002004008016032064,0.9979959919839678
813,0.996,0.002004008016032064,0.9979959919839678
814,0.996,0.002004008016032064,0.9979959919839678
815,0.996,0.002004008016032064,0.9979959919839678
816,0.996,0.002004008016032064,0.9979959919839678
817,0.996,0.002004008016032064,0.9979959919839678
818,0.996,0.002004008016032064,0.9979959919839678
819,0.996,0.002004008016032064,0.9979959919839678
820,0.996,0.002004008016032064,0.9979959919839678
821,0.996,0.002004008016032064,0.9979959919839678
822,0.996,0.002004008016032064,0.9979959919839678
823,0.996,0.002004008016032064,0.9979959919839678
824,0.996,0.002004008016032064,0.9979959919839678
825,0.996,0.002004008016032064,0.9979959919839678
826,0.996,0.002004008016032064,0.9979959919839678
827,0.996,0.002004008016032064,0.9979959919839678
828,0.996,0.002004008016032064,0.9979959919839678
829,0.996,0.002004008016032064,0.9979959919839678
830,0.996,0.002004008016032064,0.9979959919839678
831,0.996,0.002004008016032064,0.9979959919839678
832,0.996,0.002004008016032064,0.9979959919839678
833,0.996,0.002004008016032064,0.9979959919839678
834,0.996,0.002004008016032064,0.9979959919839678
835,0.996,0.002004008016032064,0.9979959919839678
836,0.996,0.002004008016032064,0.9979959919839678
837,0.996,0.002004008016032064,0.9979959919839678
838,0.996,0.002004008016032064,0.9979959919839678
839,0.996,0.002004008016032064,0.9979959919839678
840,0.996,0.002004008016032064,0.9979959919839678
841,0.996,0.002004008016032064,0.9979959919839678
842,0.996,0.002004008016032064,0.9979959919839678
843,0.996,0.002004008016032064,0.9979959919839678
844,0.996,0.002004008016032064,0.9979959919839678
845,0.996,0.002004008016032064,0.9979959919839678
846,0.996,0.002004008016032064,0.9979959919839678
847,0.996,0.002004008016032064,0.9979959919839678
848,0.996,0.002004008016032064,0.9979959919839678
849,0.996,0.002004008016032064,0.9979959919839678
850,0.996,0.002004008016032064,0.9979959919839678
851,0.996,0.002004008016032064,0.9979959919839678
852,0.996,0.002004008016032064,0.9979959919839678
853,0.996,0.002004008016032064,0.9979959919839678
854,0.996,0.002004008016032064,0.9979959919839678
855,0.996,0.002004008016032064,0.9979959919839678
856,0.996,0.002004008016032064,0.9979959919839678
857,0.996,0.002004008016032064,0.9979959919839678
858,0.996,0.002004008016032064,0.9979959919839678
859,0.996,0.002004008016032064,0.9979959919839678
860,0.996,0.002004008016032064,0.9979959919839678
861,0.996,0.002004008016032064,0.9979959919839678
862,0.996,0.002004008016032064,0.9979959919839678
863,0.996,0.002004008016032064,0.9979959919839678
864,0.996,0.002004008016032064,0.9979959919839678
865,0.996,0.002004008016032064,0.9979959919839678
866,0.996,0.002004008016032064,0.9979959919839678
867,0.996,0.002004008016032064,0.9979959919839678
868,0.996,0.002004008016032064,0.9979959919839678
869,0.996,0.002004008016032064,0.9979959919839678
870,0.996,0.002004008016032064,0.9979959919839678
871,0.996,0.002004008016032064,0.9979959919839678
872,0.996,0.002004008016032064,0.9979959919839678
873,0.996,0.002004008016032064,0.9979959919839678
874,0.996,0.002004008016032064,0.9979959919839678
875,0.996,0.002004008016032064,0.9979959919839678
876,0.996,0.002004008016032064,0.9979959919839678
877,0.996,0.002004008016032064,0.9979959919839678
878,0.996,0.002004008016032064,0.9979959919839678
879,0.996,0.002004008016032064,0.9979959919839678
880,0.996,0.002004008016032064,0.9979959919839678
881,0.996,0.002004008016032064,0.9979959919839678
882,0.996,0.002004008016032064,0.9979959919839678
883,0.996,0.002004008016032064,0.9979959919839678
884,0.996,0.002004008016032064,0.9979959919839678
885,0.996,0.002004008016032064,0.9979959919839678
886,0.996,0.002004008016032064,0.9979959919839678
887,0.996,0.002004008016032064,0.9979959919839678
888,0.996,0.002004008016032064,0.9979959919839678
889,0.996,0.002004008016032064,0.9979959919839678
890,0.996,0.002004008016032064,0.9979959919839678
891,0.996,0.002004008016032064,0.9979959919839678
892,0.996,0.002004008016032064,0.9979959919839678
893,0.996,0.002004008016032064,0.9979959919839678
894,0.996,0.002004008016032064,0.9979959919839678
895,0.996,0.002004008016032064,0.9979959919839678
896,0.996,0.002004008016032064,0.9979959919839678
897,0.996,0.002004008016032064,0.9979959919839678
898,0.996,0.002004008016032064,0.9979959919839678
899,0.996,0.002004008016032064,0.9979959919839678
900,0.996,0.002004008016032064,0.9979959919839678
901,0.996,0.002004008016032064,0.9979959919839678
902,0.996,0.002004008016032064,0.9979959919839678
903,0.996,0.002004008016032064,0.9979959919839678
904,0.996,0.002004008016032064,0.9979959919839678
905,0.996,0.002004008016032064,0.9979959919839678
906,0.996,0.002004008016032064,0.9979959919839678
907,0.996,0.002004008016032064,0.9979959919839678
908,0.996,0.002004008016032064,0.9979959919839678
909,0.996,0.002004008016032064,0.9979959919839678
910,0.996,0.002004008016032064,0.9979959919839678
911,0.996,0.002004008016032064,0.9979959919839678
912,0.996,0.002004008016032064,0.9979959919839678
913,0.996,0.002004008016032064,0.9979959919839678
914,0.996,0.002004008016032064,0.9979959919839678
915,0.996,0.002004008016032064,0.9979959919839678
916,0.996,0.002004008016032064,0.9979959919839678
917,0.996,0.002004008016032064,0.9979959919839678
918,0.996,0.002004008016032064,0.9979959919839678
919,0.996,0.002004008016032064,0.9979959919839678
920,0.996,0.002004008016032064,0.9979959919839678
921,0.996,0.002004008016032064,0.9979959919839678
922,0.996,0.002004008016032064,0.9979959919839678
923,0.996,0.002004008016032064,0.9979959919839678
924,0.996,0.002004008016032064,0.9979959919839678
925,0.996,0.002004008016032064,0.9979959919839678
926,0.996,0.002004008016032064,0.9979959919839678
927,0.996,0.002004008016032064,0.9979959919839678
928,0.996,0.002004008016032064,0.9979959919839678
929,0.996,0.002004008016032064,0.9979959919839678
930,0.996,0.002004008016032064,0.9979959919839678
931,0.996,0.002004008016032064,0.9979959919839678
932,0.996,0.002004008016032064,0.9979959919839678
933,0.996,0.002004008016032064,0.9979959919839678
934,0.996,0.002004008016032064,0.9979959919839678
935,0.996,0.002004008016032064,0.9979959919839678
936,0.996,0.002004008016032064,0.9979959919839678
937,0.996,0.002004008016032064,0.9979959919839678
938,0.996,0.002004008016032064,0.9979959919839678
939,0.996,0.002004008016032064,0.9979959919839678
940,0.996,0.002004008016032064,0.9979959919839678
941,0.996,0.002004008016032064,0.9979959919839678
942,0.996,0.002004008016032064,0.9979959919839678
943,0.996,0.002004008016032064,0.9979959919839678
944,0.996,0.002004008016032064,0.9979959919839678
945,0.996,0.002004008016032064,0.9979959919839678
946,0.996,0.002004008016032064,0.9979959919839678
947,0.996,0.002004008016032064,0.9979959919839678
948,0.996,0.002004008016032064,0.9979959919839678
949,0.996,0.002004008016032064,0.9979959919839678
950,0.996,0.002004008016032064,0.9979959919839678
951,0.996,0.002004008016032064,0.9979959919839678
952,0.996,0.002004008016032064,0.9979959919839678
953,0.996,0.002004008016032064,0.9979959919839678
954,0.996,0.002004008016032064,0.9979959919839678
955,0.996,0.002004008016032064,0.9979959919839678
956,0.996,0.002004008016032064,0.9979959919839678
957,0.996,0.002004008016032064,0.9979959919839678
958,0.996,0.002004008016032064,0.9979959919839678
959,0.996,0.002004008016032064,0.9979959919839678
960,0.996,0.002004008016032064,0.9979959919839678
961,0.996,0.002004008016032064,0.9979959919839678
962,0.996,0.002004008016032064,0.9979959919839678
963,0.996,0.002004008016032064,0.9979959919839678
964,0.996,0.002004008016032064,0.9979959919839678
965,0.996,0.002004008016032064,0.9979959919839678
966,0.996,0.002004008016032064,0.9979959919839678
967,0.996,0.002004008016032064,0.9979959919839678
968,0.996,0.002004008016032064,0.9979959919839678
969,0.996,0.002004008016032064,0.9979959919839678
970,0.996,0.002004008016032064,0.9979959919839678
971,0.996,0.002004008016032064,0.9979959919839678
972,0.996,0.002004008016032064,0.9979959919839678
973,0.996,0.002004008016032064,0.9979959919839678
974,0.996,0.002004008016032064,0.9979959919839678
975,0.996,0.002004008016032064,0.9979959919839678
976,0.996,0.002004008016032064,0.9979959919839678
977,0.996,0.002004008016032064,0.9979959919839678
978,0.996,0.002004008016032064,0.9979959919839678
979,0.996,0.002004008016032064,0.9979959919839678
980,0.996,0.002004008016032064,0.9979959919839678
981,0.996,0.002004008016032064,0.9979959919839678
982,0.996,0.002004008016032064,0.9979959919839678
983,0.996,0.002004008016032064,0.9979959919839678
984,0.996,0.002004008016032064,0.9979959919839678
985,0.996,0.002004008016032064,0.9979959919839678
986,0.996,0.002004008016032064,0.9979959919839678
987,0.996,0.002004008016032064,0.9979959919839678
988,0.996,0.002004008016032064,0.9979959919839678
989,0.996,0.002004008016032064,0.9979959919839678
990,0.996,0.002004008016032064,0.9979959919839678
991,0.996,0.002004008016032064,0.9979959919839678
992,0.996,0.002004008016032064,0.9979959919839678
993,0.996,0.002004008016032064,0.9979959919839678
994,0.996,0.002004008016032064,0.9979959919839678
995,0.996,0.002004008016032064,0.9979959919839678
996,0.996,0.002004008016032064,0.9979959919839678
997,0.996,0.002004008016032064,0.9979959919839678
998,0.996,0.002004008016032064,0.9979959919839678
999,0.996,0.002004008016032064,0.9979959919839678
